Region,League,Year,Dataset,Team,Player,Pos,GP,WAR,WAR_per_game,CPS,repl_CPS,z_DMG_GOLD_ratio,z_CSPM,z_DPM_adj,z_neg_DTH,z_EGPM_adj,z_GD10_adj,z_XPD10_adj,z_KP_residual,z_KS_pct,z_CTR_adj_GD10,z_TLDPS,z_neg_DTH_adj,z_D_P15_adj,z_WCPM_type3,z_JSAD,z_CSD10_adj,z_CWPM_type3,z_WPM_type3
Korea,LCK,2023,Spring + Spring PO + Summer + Summer PO,T1,Zeus,Top,120,43.9706,0.366,0.8795,-0.4315,,,,,,,1.0159,0.2623,,1.1043,1.1462,-0.0483,1.3879,,,,,
Korea,LCK,2023,Spring + Spring PO + Summer + Summer PO,KT Rolster,Kiin,Top,113,41.7476,0.369,0.8132,-0.4315,,,,,,,0.9587,0.7713,,1.1197,1.0546,0.2967,-0.0347,,,,,
Korea,LCK,2023,Spring + Spring PO + Summer + Summer PO,Gen.G,Doran,Top,109,25.9723,0.238,0.3429,-0.4315,,,,,,,-0.4405,0.4215,,0.5726,1.4574,-1.0538,0.4489,,,,,
Korea,LCK,2023,Spring + Spring PO + Summer + Summer PO,DN SOOPers,DuDu,Top,83,24.3263,0.293,0.2938,-0.4315,,,,,,,0.9357,1.5274,,0.8182,-0.562,0.1768,-1.6915,,,,,
Korea,LCK,2023,Spring + Spring PO + Summer + Summer PO,Dplus Kia,Canna,Top,88,17.6279,0.2,0.0941,-0.4315,,,,,,,0.7416,-0.6765,,1.0654,-0.1243,-0.2797,-0.9059,,,,,
Korea,LCK,2023,Spring + Spring PO + Summer + Summer PO,Hanwha Life Esports,Kingen,Top,107,12.3824,0.116,-0.0623,-0.4315,,,,,,,0.6645,-0.9355,,-0.2548,-0.0556,0.0181,-0.3777,,,,,
Korea,LCK,2023,Spring + Spring PO + Summer + Summer PO,HANJIN BRION,Morgan,Top,89,2.2566,0.025,-0.3642,-0.4315,,,,,,,-0.5427,0.3086,,-0.2202,-0.4686,-0.4666,-0.7796,,,,,
Korea,LCK,2023,Spring + Spring PO + Summer + Summer PO,Kiwoom DRX,Rascal,Top,90,-2.2566,-0.025,-0.4987,-0.4315,,,,,,,-0.7568,0.8207,,-0.4083,-0.7874,-0.7341,-1.0114,,,,,
Korea,LCK,2023,Spring + Spring PO + Summer + Summer PO,Nongshim RedForce,DnDn,Top,85,-5.1778,-0.061,-0.5858,-0.4315,,,,,,,-0.4935,-1.199,,-1.8231,-0.0226,-0.628,0.593,,,,,
Korea,LCK,2023,Spring + Spring PO + Summer + Summer PO,Liiv SANDBOX,Burdol,Top,74,-8.441,-0.114,-0.6831,-0.4315,,,,,,,-0.8651,-2.0089,,-1.6333,-0.1177,-0.0064,1.0955,,,,,
Korea,LCK,2023,Spring + Spring PO + Summer + Summer PO,KT Rolster,Cuzz,Jungle,113,34.875,0.309,0.6361,-0.4037,,,,,0.713,0.4551,,0.4197,,,,-0.0874,,0.9343,0.9695,0.8643,-0.511,
Korea,LCK,2023,Spring + Spring PO + Summer + Summer PO,T1,Oner,Jungle,120,32.1581,0.268,0.5551,-0.4037,,,,,0.6931,1.3439,,0.8194,,,,-0.0238,,-0.1612,0.4123,0.3171,-1.0421,
Korea,LCK,2023,Spring + Spring PO + Summer + Summer PO,Dplus Kia,Canyon,Jungle,88,20.5353,0.233,0.2086,-0.4037,,,,,0.335,1.9908,,-0.5592,,,,0.0321,,-0.5413,-0.0338,0.4508,-0.2581,
Korea,LCK,2023,Spring + Spring PO + Summer + Summer PO,Liiv SANDBOX,Willer,Jungle,91,17.9534,0.197,0.1316,-0.4037,,,,,-0.1963,-0.3392,,0.1723,,,,0.281,,-0.037,-1.0664,1.6349,0.8505,
Korea,LCK,2023,Spring + Spring PO + Summer + Summer PO,Gen.G,Peanut,Jungle,109,14.763,0.135,0.0365,-0.4037,,,,,0.7637,0.2446,,-0.7843,,,,0.0194,,-0.3772,0.7394,0.0153,-1.3939,
Korea,LCK,2023,Spring + Spring PO + Summer + Summer PO,HANJIN BRION,UmTi,Jungle,89,12.0235,0.135,-0.0452,-0.4037,,,,,-0.8714,-0.549,,1.2254,,,,-0.5717,,0.1256,0.5039,-0.4535,-0.7479,
Korea,LCK,2023,Spring + Spring PO + Summer + Summer PO,DN SOOPers,YoungJae,Jungle,83,11.8493,0.143,-0.0504,-0.4037,,,,,-0.6966,-0.3585,,0.029,,,,0.5716,,-0.1607,-0.6458,1.3754,1.0397,
Korea,LCK,2023,Spring + Spring PO + Summer + Summer PO,Kiwoom DRX,Croco,Jungle,57,-5.6393,-0.099,-0.5718,-0.4037,,,,,-1.1646,-1.48,,0.9246,,,,-0.2667,,-0.8653,-0.0372,-1.2063,-0.5026,
Korea,LCK,2023,Spring + Spring PO + Summer + Summer PO,Nongshim RedForce,Sylvie,Jungle,85,-8.4671,-0.1,-0.6561,-0.4037,,,,,-0.598,-0.9508,,-0.8457,,,,-0.3618,,0.1708,-0.8066,-0.6549,-0.0804,
Korea,LCK,2023,Spring + Spring PO + Summer + Summer PO,Hanwha Life Esports,Clid,Jungle,72,-14.9833,-0.208,-0.8504,-0.4037,,,,,-0.536,-0.3121,,-2.2209,,,,-1.0127,,0.5718,-0.4886,-1.1192,-0.2648,
Korea,LCK,2023,Spring + Spring PO + Summer + Summer PO,Gen.G,Chovy,Middle,109,18.4815,0.17,0.5368,-0.0142,0.2893,,0.4906,1.0834,0.6775,1.335,0.6081,0.1086,-0.2356,,,,,,,,,
Korea,LCK,2023,Spring + Spring PO + Summer + Summer PO,Hanwha Life Esports,Zeka,Middle,107,12.549,0.117,0.3599,-0.0142,-0.6829,,0.0303,0.1402,0.8332,1.128,0.8409,0.0834,1.3034,,,,,,,,,
Korea,LCK,2023,Spring + Spring PO + Summer + Summer PO,Dplus Kia,ShowMaker,Middle,88,9.3249,0.106,0.2638,-0.0142,0.0558,,0.6798,0.3446,-0.0128,0.9982,0.0009,-0.0874,0.1479,,,,,,,,,
Korea,LCK,2023,Spring + Spring PO + Summer + Summer PO,Kiwoom DRX,FATE,Middle,81,5.0356,0.062,0.1359,-0.0142,0.7807,,0.3064,1.358,-0.1578,-0.4622,-0.903,-0.3813,0.4596,,,,,,,,,
Korea,LCK,2023,Spring + Spring PO + Summer + Summer PO,HANJIN BRION,Karis,Middle,79,4.5293,0.057,0.1208,-0.0142,-0.049,,-0.3044,0.5573,-0.1726,-0.4381,0.3267,0.3664,1.007,,,,,,,,,
Korea,LCK,2023,Spring + Spring PO + Summer + Summer PO,KT Rolster,Bdd,Middle,113,4.1317,0.037,0.109,-0.0142,0.003,,-0.598,0.2097,-0.0219,1.1538,-0.6821,0.2969,0.0001,,,,,,,,,
Korea,LCK,2023,Spring + Spring PO + Summer + Summer PO,Nongshim RedForce,FIESTA,Middle,69,3.2149,0.047,0.0817,-0.0142,0.7262,,0.1795,-0.5885,-0.2511,0.0287,-0.1975,0.0874,0.0475,,,,,,,,,
Korea,LCK,2023,Spring + Spring PO + Summer + Summer PO,T1,Faker,Middle,102,3.2036,0.031,0.0813,-0.0142,0.8984,,0.4775,-0.7519,-0.2385,0.5013,0.218,-0.4044,-0.8341,,,,,,,,,
Korea,LCK,2023,Spring + Spring PO + Summer + Summer PO,DN SOOPers,BuLLDoG,Middle,83,3.1793,0.038,0.0806,-0.0142,0.8651,,0.8041,-0.1023,-0.0947,-0.2201,-0.3414,-0.2882,-0.4274,,,,,,,,,
Korea,LCK,2023,Spring + Spring PO + Summer + Summer PO,Liiv SANDBOX,Clozer,Middle,91,0,0,-0.0142,-0.0142,-0.1298,,-0.0129,-0.4632,0.291,0.4896,0.3286,-0.4576,-0.074,,,,,,,,,
Korea,LCK,2023,Spring + Spring PO + Summer + Summer PO,Hanwha Life Esports,Viper,ADC,107,30.9655,0.289,0.9135,-0.0097,1.1499,0.9788,0.7872,1.1601,0.4059,0.582,,,,,,,,,,,,
Korea,LCK,2023,Spring + Spring PO + Summer + Summer PO,Dplus Kia,Deft,ADC,85,25.4739,0.3,0.7498,-0.0097,1.0298,0.1902,1.5918,0.0451,0.2486,0.9749,,,,,,,,,,,,
Korea,LCK,2023,Spring + Spring PO + Summer + Summer PO,KT Rolster,Aiming,ADC,113,20.4611,0.181,0.6003,-0.0097,0.0399,1.1092,0.1068,1.1137,1.2544,0.5271,,,,,,,,,,,,
Korea,LCK,2023,Spring + Spring PO + Summer + Summer PO,T1,Gumayusi,ADC,119,17.6924,0.149,0.5178,-0.0097,-0.4454,1.1494,0.6432,0.5798,0.7467,1.1023,,,,,,,,,,,,
Korea,LCK,2023,Spring + Spring PO + Summer + Summer PO,Gen.G,Peyz,ADC,109,17.1313,0.157,0.501,-0.0097,0.1083,0.9009,0.5827,0.5021,0.9042,0.1958,,,,,,,,,,,,
Korea,LCK,2023,Spring + Spring PO + Summer + Summer PO,Liiv SANDBOX,Teddy,ADC,40,11.5054,0.288,0.3333,-0.0097,1.0496,0.1489,0.1819,-0.1352,-0.1189,0.7282,,,,,,,,,,,,
Korea,LCK,2023,Spring + Spring PO + Summer + Summer PO,HANJIN BRION,Hena,ADC,89,1.3684,0.015,0.0311,-0.0097,0.3839,-0.2327,-0.5054,0.6112,-0.7989,0.5099,,,,,,,,,,,,
Korea,LCK,2023,Spring + Spring PO + Summer + Summer PO,Liiv SANDBOX,Envyy,ADC,51,0.8416,0.017,0.0154,-0.0097,0.6949,-0.54,-0.3038,-0.116,-0.6875,1.0035,,,,,,,,,,,,
Korea,LCK,2023,Spring + Spring PO + Summer + Summer PO,Kiwoom DRX,Paduck,ADC,46,0,0,-0.0097,-0.0097,0.5144,-0.8652,-0.0339,0.3349,-0.4879,-0.0623,,,,,,,,,,,,
Korea,LCK,2023,Spring + Spring PO + Summer + Summer PO,Nongshim RedForce,vital,ADC,49,-1.5195,-0.031,-0.055,-0.0097,0.1104,0.0652,-0.3612,0.5252,-0.5724,-0.5616,,,,,,,,,,,,
Korea,LCK,2023,Spring + Spring PO + Summer + Summer PO,DN SOOPers,Taeyoon,ADC,83,-14.1506,-0.17,-0.4316,-0.0097,-0.5388,-0.1357,-0.1104,-0.9368,-0.6951,-0.083,,,,,,,,,,,,
Korea,LCK,2023,Spring + Spring PO + Summer + Summer PO,Dplus Kia,Kellin,Support,75,24.4392,0.326,0.5524,-0.1762,,,,0.9048,,1.186,,1.8125,,,,,,-0.2675,,,-0.7032,-0.0882
Korea,LCK,2023,Spring + Spring PO + Summer + Summer PO,T1,Keria,Support,120,21.6631,0.181,0.4697,-0.1762,,,,0.7593,,1.1658,,0.7607,,,,,,-0.1729,,,0.497,0.2141
Korea,LCK,2023,Spring + Spring PO + Summer + Summer PO,Liiv SANDBOX,Kael,Support,91,18.2019,0.2,0.3665,-0.1762,,,,0.3372,,0.5312,,0.2069,,,,,,0.8115,,,0.3838,-0.1565
Korea,LCK,2023,Spring + Spring PO + Summer + Summer PO,HANJIN BRION,Effort,Support,89,9.5044,0.107,0.1072,-0.1762,,,,0.3127,,0.2658,,0.3288,,,,,,-0.2986,,,0.5469,-0.3486
Korea,LCK,2023,Spring + Spring PO + Summer + Summer PO,Nongshim RedForce,Peter,Support,85,3.8982,0.046,-0.06,-0.1762,,,,1.1599,,-0.1601,,1.2459,,,,,,-0.8465,,,-1.0502,-0.6943
Korea,LCK,2023,Spring + Spring PO + Summer + Summer PO,Kiwoom DRX,BeryL,Support,90,3.0349,0.034,-0.0857,-0.1762,,,,-0.2407,,0.2008,,-1.1056,,,,,,1.9382,,,-0.2481,-0.8921
Korea,LCK,2023,Spring + Spring PO + Summer + Summer PO,Hanwha Life Esports,Life,Support,107,0.3241,0.003,-0.1665,-0.1762,,,,0.0248,,-0.1717,,-0.241,,,,,,-0.1636,,,-0.9613,-0.0492
Korea,LCK,2023,Spring + Spring PO + Summer + Summer PO,Gen.G,Delight,Support,109,0,0,-0.1762,-0.1762,,,,0.4641,,0.2796,,0.1369,,,,,,-0.7348,,,-0.8744,-0.709
Korea,LCK,2023,Spring + Spring PO + Summer + Summer PO,KT Rolster,Lehends,Support,113,-7.6741,-0.068,-0.405,-0.1762,,,,-0.4426,,-0.3551,,-0.949,,,,,,-0.629,,,0.3271,0.0535
Korea,LCK,2023,Spring + Spring PO + Summer + Summer PO,DN SOOPers,Jun,Support,42,-10.1555,-0.242,-0.479,-0.1762,,,,0.2306,,0.4825,,-0.285,,,,,,-0.1909,,,-0.7275,-1.8655
Korea,LCK,2024,Spring + Spring PO + Summer + Summer PO,Gen.G,Kiin,Top,103,52.5327,0.51,0.9776,-0.547,,,,,,,1.4678,0.4627,,1.1701,1.4383,0.0882,-0.0268,,,,,
Korea,LCK,2024,Spring + Spring PO + Summer + Summer PO,T1,Zeus,Top,114,35.7071,0.313,0.4893,-0.547,,,,,,,0.163,0.1108,,1.0564,1.0757,-0.754,0.7993,,,,,
Korea,LCK,2024,Spring + Spring PO + Summer + Summer PO,Hanwha Life Esports,Doran,Top,112,27.5782,0.246,0.2534,-0.547,,,,,,,0.2471,0.5109,,-0.0482,1.1201,-2.3139,0.7355,,,,,
Korea,LCK,2024,Spring + Spring PO + Summer + Summer PO,Dplus Kia,Kingen,Top,111,27.1198,0.244,0.2401,-0.547,,,,,,,0.2709,-0.4921,,0.1391,0.5635,-0.5265,1.3704,,,,,
Korea,LCK,2024,Spring + Spring PO + Summer + Summer PO,BNK FEARX,Clear,Top,88,21.6405,0.246,0.081,-0.547,,,,,,,-0.1424,0.9564,,-0.271,-0.0814,0.0658,0.2761,,,,,
Korea,LCK,2024,Spring + Spring PO + Summer + Summer PO,DN SOOPers,DuDu,Top,90,20.4706,0.227,0.0471,-0.547,,,,,,,-0.1152,1.0026,,-0.1315,-0.4341,1.9087,-1.3713,,,,,
Korea,LCK,2024,Spring + Spring PO + Summer + Summer PO,KT Rolster,PerfecT,Top,94,19.592,0.208,0.0216,-0.547,,,,,,,0.5209,-0.8375,,0.1867,-0.054,0.0621,-0.0372,,,,,
Korea,LCK,2024,Spring + Spring PO + Summer + Summer PO,HANJIN BRION,Morgan,Top,82,13.6097,0.166,-0.152,-0.547,,,,,,,-0.8715,1.1379,,-0.1477,-0.5278,0.0618,0.4309,,,,,
Korea,LCK,2024,Spring + Spring PO + Summer + Summer PO,Nongshim RedForce,DnDn,Top,55,-6.9857,-0.127,-0.7497,-0.547,,,,,,,-0.088,-2.2828,,-0.2314,-0.8237,0.139,-1.586,,,,,
Korea,LCK,2024,Spring + Spring PO + Summer + Summer PO,Kiwoom DRX,Rascal,Top,62,-11.667,-0.188,-0.8856,-0.547,,,,,,,-0.9598,-0.214,,-1.1763,-1.0981,-0.365,-1.2609,,,,,
Korea,LCK,2024,Spring + Spring PO + Summer + Summer PO,DN SOOPers,Cuzz,Jungle,90,22.7025,0.252,0.4924,-0.1664,,,,,0.2909,-0.3126,,0.6235,,,,0.4179,,1.4701,0.4645,1.0133,-0.2379,
Korea,LCK,2024,Spring + Spring PO + Summer + Summer PO,BNK FEARX,Willer,Jungle,43,21.8086,0.507,0.4665,-0.1664,,,,,-0.0086,1.5488,,-0.462,,,,0.9181,,1.868,-0.1197,0.8779,1.6041,
Korea,LCK,2024,Spring + Spring PO + Summer + Summer PO,HANJIN BRION,YoungJae,Jungle,35,20.5154,0.586,0.429,-0.1664,,,,,0.0619,-1.7691,,2.6755,,,,1.8565,,-0.0345,0.7648,-0.8489,0.262,
Korea,LCK,2024,Spring + Spring PO + Summer + Summer PO,BNK FEARX,Raptor,Jungle,45,15.1951,0.338,0.2746,-0.1664,,,,,0.4007,-0.4657,,0.1521,,,,-0.2317,,0.3516,1.11,0.7769,-1.5028,
Korea,LCK,2024,Spring + Spring PO + Summer + Summer PO,Gen.G,Canyon,Jungle,103,12.7589,0.124,0.2039,-0.1664,,,,,0.8817,-0.4432,,-0.2223,,,,0.8043,,-1.0426,0.6001,0.2512,-0.2876,
Korea,LCK,2024,Spring + Spring PO + Summer + Summer PO,T1,Oner,Jungle,112,12.5665,0.112,0.1983,-0.1664,,,,,0.8665,0.4568,,-1.3533,,,,-0.0663,,0.4614,0.3568,1.0594,-0.8559,
Korea,LCK,2024,Spring + Spring PO + Summer + Summer PO,Hanwha Life Esports,Peanut,Jungle,112,11.9603,0.107,0.1807,-0.1664,,,,,0.3275,0.3046,,0.0589,,,,0.4106,,0.3582,-0.2087,0.3779,-1.1635,
Korea,LCK,2024,Spring + Spring PO + Summer + Summer PO,KT Rolster,Pyosik,Jungle,97,3.4479,0.036,-0.0664,-0.1664,,,,,0.1083,-0.1205,,-0.0404,,,,0.6154,,-0.2283,-0.5283,-0.3801,0.0308,
Korea,LCK,2024,Spring + Spring PO + Summer + Summer PO,HANJIN BRION,GIDEON,Jungle,37,0.7054,0.019,-0.146,-0.1664,,,,,-1.3741,0.8367,,0.8065,,,,-0.2038,,0.1556,-1.1737,0.9272,-1.0612,
Korea,LCK,2024,Spring + Spring PO + Summer + Summer PO,Dplus Kia,Lucid,Jungle,111,0,0,-0.1664,-0.1664,,,,,-0.3601,0.6142,,-0.4195,,,,0.0026,,-0.8193,-0.7042,0.2023,1.8841,
Korea,LCK,2024,Spring + Spring PO + Summer + Summer PO,Kiwoom DRX,Sponge,Jungle,83,-11.7495,-0.142,-0.5074,-0.1664,,,,,-1.0891,0.0603,,-0.0204,,,,-1.9433,,-0.4249,-0.585,0.0669,-0.3276,
Korea,LCK,2024,Spring + Spring PO + Summer + Summer PO,Nongshim RedForce,Sylvie,Jungle,84,-16.0593,-0.191,-0.6325,-0.1664,,,,,-0.951,-1.0754,,-0.4378,,,,-0.1037,,-0.03,-0.589,-0.8432,0.6515,
Korea,LCK,2024,Spring + Spring PO + Summer + Summer PO,Gen.G,Chovy,Middle,103,48.042,0.466,1.0108,-0.3835,0.091,,2.4009,0.4262,2.7306,1.6031,1.6408,-0.562,1.1656,,,,,,,,,
Korea,LCK,2024,Spring + Spring PO + Summer + Summer PO,KT Rolster,Bdd,Middle,97,38.4683,0.397,0.7329,-0.3835,0.5731,,0.6474,0.4623,0.1942,0.9879,0.3212,1.2673,1.1751,,,,,,,,,
Korea,LCK,2024,Spring + Spring PO + Summer + Summer PO,Nongshim RedForce,Fisher,Middle,33,25.9001,0.785,0.3682,-0.3835,0.322,,0.9534,-0.389,0.8388,0.2113,-0.2201,-0.0798,1.6572,,,,,,,,,
Korea,LCK,2024,Spring + Spring PO + Summer + Summer PO,Hanwha Life Esports,Zeka,Middle,112,25.1399,0.224,0.3461,-0.3835,-0.6451,,0.2484,0.8748,1.1243,1.0871,-0.0256,-0.3103,1.3641,,,,,,,,,
Korea,LCK,2024,Spring + Spring PO + Summer + Summer PO,DN SOOPers,BuLLDoG,Middle,90,20.5892,0.229,0.214,-0.3835,0.9628,,0.4343,0.5905,0.2853,-0.1763,-0.104,-0.4232,-0.0922,,,,,,,,,
Korea,LCK,2024,Spring + Spring PO + Summer + Summer PO,Dplus Kia,ShowMaker,Middle,111,19.2475,0.173,0.1751,-0.3835,0.8058,,-0.0035,-0.0801,-0.3547,0.8172,0.4032,-0.5146,-0.2794,,,,,,,,,
Korea,LCK,2024,Spring + Spring PO + Summer + Summer PO,T1,Faker,Middle,114,14.1158,0.124,0.0262,-0.3835,-0.0452,,0.1295,-0.1222,0.3922,0.6412,0.8813,-1.0885,-0.2578,,,,,,,,,
Korea,LCK,2024,Spring + Spring PO + Summer + Summer PO,Kiwoom DRX,kyeahoo,Middle,49,13.1748,0.269,-0.0011,-0.3835,0.6648,,-0.6037,0.5758,-0.661,-0.6384,-0.2085,0.9485,-0.909,,,,,,,,,
Korea,LCK,2024,Spring + Spring PO + Summer + Summer PO,BNK FEARX,Clozer,Middle,88,4.0554,0.046,-0.2658,-0.3835,-0.8871,,-0.4517,0.5749,0.5158,-0.1543,0.4507,-0.6522,-0.7637,,,,,,,,,
Korea,LCK,2024,Spring + Spring PO + Summer + Summer PO,Nongshim RedForce,Callme,Middle,36,0,0,-0.3835,-0.3835,1.2362,,-0.3423,-2.46,-0.4685,-1.703,-1.3968,1.0925,-0.724,,,,,,,,,
Korea,LCK,2024,Spring + Spring PO + Summer + Summer PO,HANJIN BRION,Karis,Middle,57,-4.7151,-0.083,-0.5203,-0.3835,-1.6233,,-1.4237,0.0039,-0.6962,-0.1971,1.3271,0.0322,-0.9206,,,,,,,,,
Korea,LCK,2024,Spring + Spring PO + Summer + Summer PO,Kiwoom DRX,SeTab,Middle,34,-10.5932,-0.312,-0.6909,-0.3835,-1.0855,,-0.9204,-0.2788,-0.6512,-0.8985,-0.0887,-0.9588,-0.0132,,,,,,,,,
Korea,LCK,2024,Spring + Spring PO + Summer + Summer PO,Hanwha Life Esports,Viper,ADC,112,37.9036,0.338,0.9862,-0.1139,1.1778,1.1542,1.2511,0.4504,0.8627,0.9017,,,,,,,,,,,,
Korea,LCK,2024,Spring + Spring PO + Summer + Summer PO,Dplus Kia,Aiming,ADC,111,35.5755,0.32,0.9186,-0.1139,-0.4786,2.0511,1.009,0.8247,1.8638,1.4025,,,,,,,,,,,,
Korea,LCK,2024,Spring + Spring PO + Summer + Summer PO,Gen.G,Peyz,ADC,103,19.3859,0.188,0.4487,-0.1139,0.0357,0.0279,0.8245,0.498,1.1766,0.3377,,,,,,,,,,,,
Korea,LCK,2024,Spring + Spring PO + Summer + Summer PO,Kiwoom DRX,Teddy,ADC,81,18.7661,0.232,0.4307,-0.1139,0.8988,0.246,0.6801,0.1255,-0.1103,0.2453,,,,,,,,,,,,
Korea,LCK,2024,Spring + Spring PO + Summer + Summer PO,KT Rolster,Deft,ADC,97,16.0843,0.166,0.3529,-0.1139,0.6956,-0.7577,0.8075,-0.1059,0.1115,1.384,,,,,,,,,,,,
Korea,LCK,2024,Spring + Spring PO + Summer + Summer PO,Nongshim RedForce,Jiwoo,ADC,84,10.3345,0.123,0.186,-0.1139,0.8263,-0.0552,0.4641,-0.1329,0.1537,-0.848,,,,,,,,,,,,
Korea,LCK,2024,Spring + Spring PO + Summer + Summer PO,DN SOOPers,Leaper,ADC,44,6.6072,0.15,0.0779,-0.1139,-0.1669,1.2575,0.0256,-0.2361,0.5049,-0.8222,,,,,,,,,,,,
Korea,LCK,2024,Spring + Spring PO + Summer + Summer PO,HANJIN BRION,Envyy,ADC,64,1.9853,0.031,-0.0563,-0.1139,0.4856,0.2936,0.0812,-0.608,-0.3304,-0.7319,,,,,,,,,,,,
Korea,LCK,2024,Spring + Spring PO + Summer + Summer PO,BNK FEARX,Hena,ADC,88,0.389,0.004,-0.1026,-0.1139,0.124,-0.2146,-0.1674,0.0605,0.0927,-0.8202,,,,,,,,,,,,
Korea,LCK,2024,Spring + Spring PO + Summer + Summer PO,T1,Gumayusi,ADC,114,-1.1671,-0.01,-0.1478,-0.1139,-0.4045,-0.863,-0.0472,-0.1013,0.2879,0.7478,,,,,,,,,,,,
Korea,LCK,2024,Spring + Spring PO + Summer + Summer PO,DN SOOPers,Bull,ADC,42,-32.7412,-0.78,-1.0641,-0.1139,-1.2109,-1.9645,-1.3808,-0.4131,-0.638,-0.3987,,,,,,,,,,,,
Korea,LCK,2024,Spring + Spring PO + Summer + Summer PO,Kiwoom DRX,Pleata,Support,83,23.9452,0.288,0.3207,-0.3743,,,,1.4361,,-0.578,,0.0179,,,,,,-0.0128,,,0.422,0.7857
Korea,LCK,2024,Spring + Spring PO + Summer + Summer PO,Nongshim RedForce,Peter,Support,44,23.4286,0.532,0.3057,-0.3743,,,,2.2489,,-0.7735,,1.2946,,,,,,-0.3261,,,-0.6767,0.05
Korea,LCK,2024,Spring + Spring PO + Summer + Summer PO,T1,Keria,Support,114,21.3106,0.187,0.2442,-0.3743,,,,1.3819,,2.4867,,-0.2858,,,,,,-0.6615,,,0.0955,-0.5506
Korea,LCK,2024,Spring + Spring PO + Summer + Summer PO,Hanwha Life Esports,Delight,Support,112,15.5956,0.139,0.0784,-0.3743,,,,0.5548,,0.369,,0.5224,,,,,,-0.3711,,,-0.548,-0.5642
Korea,LCK,2024,Spring + Spring PO + Summer + Summer PO,BNK FEARX,Duro,Support,34,15.2655,0.449,0.0688,-0.3743,,,,-0.3739,,0.0084,,-0.0898,,,,,,-0.3431,,,1.1761,0.3261
Korea,LCK,2024,Spring + Spring PO + Summer + Summer PO,Dplus Kia,Kellin,Support,90,12.4639,0.138,-0.0125,-0.3743,,,,-0.2571,,0.5764,,-0.0054,,,,,,-0.6423,,,-0.955,0.4285
Korea,LCK,2024,Spring + Spring PO + Summer + Summer PO,KT Rolster,BeryL,Support,97,11.2571,0.116,-0.0476,-0.3743,,,,-0.2904,,1.1575,,0.4465,,,,,,0.6241,,,-0.6683,-1.439
Korea,LCK,2024,Spring + Spring PO + Summer + Summer PO,BNK FEARX,Execute,Support,54,7.5036,0.139,-0.1565,-0.3743,,,,-0.7558,,-0.1628,,-0.0034,,,,,,-1.0267,,,0.2305,0.6847
Korea,LCK,2024,Spring + Spring PO + Summer + Summer PO,Gen.G,Lehends,Support,103,4.6415,0.045,-0.2395,-0.3743,,,,-0.8776,,0.666,,-0.414,,,,,,-1.139,,,0.5508,-0.2841
Korea,LCK,2024,Spring + Spring PO + Summer + Summer PO,HANJIN BRION,Pollu,Support,68,0.3663,0.005,-0.3636,-0.3743,,,,-0.4699,,-0.7327,,-0.0387,,,,,,-0.5785,,,0.1813,-0.0786
Korea,LCK,2024,Spring + Spring PO + Summer + Summer PO,DN SOOPers,Andil,Support,76,-7.1118,-0.094,-0.5807,-0.3743,,,,-1.0094,,-0.3194,,0.539,,,,,,-0.3158,,,-1.6256,-0.9043
Korea,LCK,2025,Cup + Rounds 1-2 + Road to MSI + Rounds 3-5 + Play-In + Playoffs,Hanwha Life Esports,Zeus,Top,121,31.2944,0.259,0.8173,-0.1711,,,,,,,1.4669,1.1367,,1.8801,0.593,-1.129,-0.373,,,,,
Korea,LCK,2025,Cup + Rounds 1-2 + Road to MSI + Rounds 3-5 + Play-In + Playoffs,Nongshim RedForce,Kingen,Top,117,26.5429,0.227,0.6672,-0.1711,,,,,,,1.0532,-0.8997,,0.746,0.8019,0.9535,1.3119,,,,,
Korea,LCK,2025,Cup + Rounds 1-2 + Road to MSI + Rounds 3-5 + Play-In + Playoffs,Gen.G,Kiin,Top,121,21.5313,0.178,0.509,-0.1711,,,,,,,0.2087,1.0639,,0.8517,0.9366,-0.6403,-0.0067,,,,,
Korea,LCK,2025,Cup + Rounds 1-2 + Road to MSI + Rounds 3-5 + Play-In + Playoffs,DN SOOPers,DuDu,Top,88,12.1016,0.138,0.2111,-0.1711,,,,,,,0.9397,0.1921,,0.3481,-0.6757,0.4966,0.1444,,,,,
Korea,LCK,2025,Cup + Rounds 1-2 + Road to MSI + Rounds 3-5 + Play-In + Playoffs,HANJIN BRION,Morgan,Top,101,6.2403,0.062,0.026,-0.1711,,,,,,,0.3963,0.4472,,-0.0618,-0.6057,0.701,-0.4956,,,,,
Korea,LCK,2025,Cup + Rounds 1-2 + Road to MSI + Rounds 3-5 + Play-In + Playoffs,Kiwoom DRX,Rich,Top,97,4.5363,0.047,-0.0278,-0.1711,,,,,,,-0.9024,0.4094,,-1.417,0.3506,0.9563,1.6566,,,,,
Korea,LCK,2025,Cup + Rounds 1-2 + Road to MSI + Rounds 3-5 + Play-In + Playoffs,T1,Doran,Top,115,3.3944,0.03,-0.0639,-0.1711,,,,,,,0.0334,0.0255,,0.8126,0.3455,-2.1656,-0.6777,,,,,
Korea,LCK,2025,Cup + Rounds 1-2 + Road to MSI + Rounds 3-5 + Play-In + Playoffs,BNK FEARX,Clear,Top,95,2.9233,0.031,-0.0788,-0.1711,,,,,,,0.273,-0.2571,,-0.4084,-0.58,1.0192,-0.0412,,,,,
Korea,LCK,2025,Cup + Rounds 1-2 + Road to MSI + Rounds 3-5 + Play-In + Playoffs,Dplus Kia,Siwoo,Top,131,-8.7699,-0.067,-0.4481,-0.1711,,,,,,,-0.9007,-1.1947,,0.0957,0.027,-0.2548,-0.393,,,,,
Korea,LCK,2025,Cup + Rounds 1-2 + Road to MSI + Rounds 3-5 + Play-In + Playoffs,KT Rolster,PerfecT,Top,95,-26.743,-0.282,-1.0157,-0.1711,,,,,,,-0.5431,-2.2333,,-1.3456,-1.1196,0.7013,-1.3331,,,,,
Korea,LCK,2025,Cup + Rounds 1-2 + Road to MSI + Rounds 3-5 + Play-In + Playoffs,T1,Oner,Jungle,115,36.3477,0.316,0.9775,-0.1705,,,,,1.8403,1.8427,,0.3223,,,,0.8188,,0.0915,1.0722,0.929,-1.2227,
Korea,LCK,2025,Cup + Rounds 1-2 + Road to MSI + Rounds 3-5 + Play-In + Playoffs,KT Rolster,Cuzz,Jungle,114,31.2808,0.274,0.8175,-0.1705,,,,,0.3688,1.6856,,0.8471,,,,1.2576,,1.7599,0.3599,1.0061,-0.8409,
Korea,LCK,2025,Cup + Rounds 1-2 + Road to MSI + Rounds 3-5 + Play-In + Playoffs,Dplus Kia,Lucid,Jungle,131,17.2413,0.132,0.3741,-0.1705,,,,,-0.3354,0.7354,,0.6596,,,,0.278,,-0.1984,-0.2106,1.2791,1.1676,
Korea,LCK,2025,Cup + Rounds 1-2 + Road to MSI + Rounds 3-5 + Play-In + Playoffs,HANJIN BRION,Croco,Jungle,64,14.3219,0.224,0.2819,-0.1705,,,,,0.5923,0.1533,,0.9449,,,,-0.4882,,0.3631,0.1992,0.0085,-1.4664,
Korea,LCK,2025,Cup + Rounds 1-2 + Road to MSI + Rounds 3-5 + Play-In + Playoffs,Kiwoom DRX,Sponge,Jungle,97,10.5519,0.109,0.1628,-0.1705,,,,,-0.4199,-0.7061,,0.0264,,,,-0.5852,,1.1482,0.3504,1.0912,0.2943,
Korea,LCK,2025,Cup + Rounds 1-2 + Road to MSI + Rounds 3-5 + Play-In + Playoffs,Gen.G,Canyon,Jungle,121,6.2642,0.052,0.0274,-0.1705,,,,,0.9241,-0.2253,,-1.1352,,,,0.8548,,-1.7137,0.3995,0.4735,0.9047,
Korea,LCK,2025,Cup + Rounds 1-2 + Road to MSI + Rounds 3-5 + Play-In + Playoffs,Nongshim RedForce,GIDEON,Jungle,117,2.9864,0.026,-0.0761,-0.1705,,,,,-0.0076,-0.6447,,-0.0472,,,,0.5914,,0.725,-0.6883,0.3863,-0.0201,
Korea,LCK,2025,Cup + Rounds 1-2 + Road to MSI + Rounds 3-5 + Play-In + Playoffs,BNK FEARX,Raptor,Jungle,105,2.385,0.023,-0.0951,-0.1705,,,,,0.0507,-0.6939,,0.372,,,,0.2221,,-0.2876,0.4444,-0.7539,-0.8729,
Korea,LCK,2025,Cup + Rounds 1-2 + Road to MSI + Rounds 3-5 + Play-In + Playoffs,Hanwha Life Esports,Peanut,Jungle,121,-2.385,-0.02,-0.2458,-0.1705,,,,,-0.1609,-0.2374,,-0.6987,,,,0.1087,,0.5058,-0.3108,-0.3136,-0.4368,
Korea,LCK,2025,Cup + Rounds 1-2 + Road to MSI + Rounds 3-5 + Play-In + Playoffs,DN SOOPers,Pyosik,Jungle,85,-8.4745,-0.1,-0.4381,-0.1705,,,,,-1.1922,-0.7115,,1.5063,,,,0.3285,,0.2169,-1.5478,-1.2572,0.6276,
Korea,LCK,2025,Cup + Rounds 1-2 + Road to MSI + Rounds 3-5 + Play-In + Playoffs,Gen.G,Chovy,Middle,121,47.732,0.394,1.0436,-0.4639,0.5056,,2.0802,0.1967,2.2068,1.6547,1.9269,0.3304,0.0364,,,,,,,,,
Korea,LCK,2025,Cup + Rounds 1-2 + Road to MSI + Rounds 3-5 + Play-In + Playoffs,KT Rolster,Bdd,Middle,114,38.1339,0.335,0.7405,-0.4639,-0.2732,,-0.1374,0.8351,0.6164,1.5475,0.3228,1.4564,1.8082,,,,,,,,,
Korea,LCK,2025,Cup + Rounds 1-2 + Road to MSI + Rounds 3-5 + Play-In + Playoffs,HANJIN BRION,Clozer,Middle,101,28.5624,0.283,0.4381,-0.4639,-0.2605,,-0.3136,0.7495,0.2947,0.9151,0.8372,0.9758,0.4984,,,,,,,,,
Korea,LCK,2025,Cup + Rounds 1-2 + Road to MSI + Rounds 3-5 + Play-In + Playoffs,DN SOOPers,BuLLDoG,Middle,76,21.1072,0.278,0.2027,-0.4639,1.5588,,0.9711,-1.2333,-1.1671,0.273,0.9626,0.1958,-1.3271,,,,,,,,,
Korea,LCK,2025,Cup + Rounds 1-2 + Road to MSI + Rounds 3-5 + Play-In + Playoffs,Dplus Kia,ShowMaker,Middle,131,19.1409,0.146,0.1406,-0.4639,-0.4768,,-0.4277,0.6869,0.0427,0.3135,-0.0564,0.6336,0.6933,,,,,,,,,
Korea,LCK,2025,Cup + Rounds 1-2 + Road to MSI + Rounds 3-5 + Play-In + Playoffs,Hanwha Life Esports,Zeka,Middle,121,17.1584,0.142,0.078,-0.4639,0.1782,,0.3447,0.1734,0.3768,0.46,-0.6534,-0.6337,0.4424,,,,,,,,,
Korea,LCK,2025,Cup + Rounds 1-2 + Road to MSI + Rounds 3-5 + Play-In + Playoffs,Nongshim RedForce,Fisher,Middle,40,14.3848,0.36,-0.0096,-0.4639,0.8873,,0.7799,-1.0957,0.2887,-0.5529,-1.0958,-0.0961,0.2256,,,,,,,,,
Korea,LCK,2025,Cup + Rounds 1-2 + Road to MSI + Rounds 3-5 + Play-In + Playoffs,BNK FEARX,VicLa,Middle,97,6.4659,0.067,-0.2597,-0.4639,0.3723,,0.5565,-1.0432,-0.6328,-0.872,-0.0073,0.4004,-1.5077,,,,,,,,,
Korea,LCK,2025,Cup + Rounds 1-2 + Road to MSI + Rounds 3-5 + Play-In + Playoffs,Kiwoom DRX,Ucal,Middle,58,0,0,-0.4639,-0.4639,-1.1772,,-0.9324,0.4616,0.4719,-1.5512,-0.7723,-0.3302,1.3083,,,,,,,,,
Korea,LCK,2025,Cup + Rounds 1-2 + Road to MSI + Rounds 3-5 + Play-In + Playoffs,T1,Faker,Middle,115,-2.6231,-0.023,-0.5468,-0.4639,0.2131,,0.3117,0.02,-0.2002,-1.3563,-0.5639,-1.384,-1.3513,,,,,,,,,
Korea,LCK,2025,Cup + Rounds 1-2 + Road to MSI + Rounds 3-5 + Play-In + Playoffs,Nongshim RedForce,Calix,Middle,77,-3.4779,-0.045,-0.5738,-0.4639,-1.9724,,-1.2904,1.5072,0.3714,-0.465,0.2653,-1.6609,0.5423,,,,,,,,,
Korea,LCK,2025,Cup + Rounds 1-2 + Road to MSI + Rounds 3-5 + Play-In + Playoffs,Dplus Kia,Aiming,ADC,131,25.3427,0.193,0.655,-0.1454,0.0023,1.179,0.6772,1.0872,0.658,0.4202,,,,,,,,,,,,
Korea,LCK,2025,Cup + Rounds 1-2 + Road to MSI + Rounds 3-5 + Play-In + Playoffs,Hanwha Life Esports,Viper,ADC,121,24.2234,0.2,0.6196,-0.1454,0.4786,0.6206,1.0993,0.3795,0.6272,0.3292,,,,,,,,,,,,
Korea,LCK,2025,Cup + Rounds 1-2 + Road to MSI + Rounds 3-5 + Play-In + Playoffs,Gen.G,Ruler,ADC,121,22.248,0.184,0.5572,-0.1454,-0.1145,1.4401,1.0403,-0.1598,1.3836,0.2651,,,,,,,,,,,,
Korea,LCK,2025,Cup + Rounds 1-2 + Road to MSI + Rounds 3-5 + Play-In + Playoffs,T1,Gumayusi,ADC,91,19.4509,0.214,0.4689,-0.1454,-0.0045,1.0562,1.0067,-0.244,0.7556,0.5821,,,,,,,,,,,,
Korea,LCK,2025,Cup + Rounds 1-2 + Road to MSI + Rounds 3-5 + Play-In + Playoffs,BNK FEARX,Diable,ADC,105,17.9712,0.171,0.4222,-0.1454,-0.4082,0.6406,1.0743,-0.0319,1.0225,0.8034,,,,,,,,,,,,
Korea,LCK,2025,Cup + Rounds 1-2 + Road to MSI + Rounds 3-5 + Play-In + Playoffs,DN SOOPers,Berserker,ADC,88,9.5392,0.108,0.1559,-0.1454,-0.5148,0.6756,-0.1699,0.7871,-0.1309,0.6426,,,,,,,,,,,,
Korea,LCK,2025,Cup + Rounds 1-2 + Road to MSI + Rounds 3-5 + Play-In + Playoffs,HANJIN BRION,Hype,ADC,90,5.3621,0.06,0.0239,-0.1454,-0.0244,0.1498,-0.0432,0.2002,0.0029,-0.2369,,,,,,,,,,,,
Korea,LCK,2025,Cup + Rounds 1-2 + Road to MSI + Rounds 3-5 + Play-In + Playoffs,KT Rolster,deokdam,ADC,106,3.2834,0.031,-0.0417,-0.1454,0.5008,-0.8652,0.1403,-0.3311,-0.0271,0.1273,,,,,,,,,,,,
Korea,LCK,2025,Cup + Rounds 1-2 + Road to MSI + Rounds 3-5 + Play-In + Playoffs,Kiwoom DRX,Teddy,ADC,62,0,0,-0.1454,-0.1454,-0.6764,-0.0749,-0.3269,0.1918,0.2807,0.2514,,,,,,,,,,,,
Korea,LCK,2025,Cup + Rounds 1-2 + Road to MSI + Rounds 3-5 + Play-In + Playoffs,Nongshim RedForce,Jiwoo,ADC,109,-4.2694,-0.039,-0.2803,-0.1454,0.2221,-0.98,0.0586,-0.8611,-0.2733,0.0314,,,,,,,,,,,,
Korea,LCK,2025,Cup + Rounds 1-2 + Road to MSI + Rounds 3-5 + Play-In + Playoffs,T1,Keria,Support,115,45.4355,0.395,1.0631,-0.3719,,,,1.6719,,1.5228,,0.7451,,,,,,0.0193,,,1.1794,1.3291
Korea,LCK,2025,Cup + Rounds 1-2 + Road to MSI + Rounds 3-5 + Play-In + Playoffs,Hanwha Life Esports,Delight,Support,121,31.7558,0.262,0.6311,-0.3719,,,,0.9648,,1.7014,,0.5619,,,,,,0.5749,,,-0.1808,-0.1391
Korea,LCK,2025,Cup + Rounds 1-2 + Road to MSI + Rounds 3-5 + Play-In + Playoffs,BNK FEARX,Kellin,Support,105,25.7205,0.245,0.4404,-0.3719,,,,0.6759,,-1.5333,,1.372,,,,,,0.1278,,,1.23,0.8214
Korea,LCK,2025,Cup + Rounds 1-2 + Road to MSI + Rounds 3-5 + Play-In + Playoffs,KT Rolster,Peter,Support,92,23.3989,0.254,0.3671,-0.3719,,,,-0.7053,,-0.2281,,0.1132,,,,,,2.2644,,,0.0383,-0.0125
Korea,LCK,2025,Cup + Rounds 1-2 + Road to MSI + Rounds 3-5 + Play-In + Playoffs,DN SOOPers,Life,Support,80,11.076,0.138,-0.0221,-0.3719,,,,-0.5505,,0.0218,,0.1285,,,,,,0.7515,,,-0.9664,0.0898
Korea,LCK,2025,Cup + Rounds 1-2 + Road to MSI + Rounds 3-5 + Play-In + Playoffs,HANJIN BRION,Pollu,Support,101,4.3653,0.043,-0.234,-0.3719,,,,-0.2654,,-1.2775,,0.064,,,,,,-1.0404,,,0.7173,0.7205
Korea,LCK,2025,Cup + Rounds 1-2 + Road to MSI + Rounds 3-5 + Play-In + Playoffs,Gen.G,Duro,Support,121,0.912,0.008,-0.3431,-0.3719,,,,0.6654,,-0.4051,,0.0355,,,,,,-1.3645,,,-0.693,-0.6014
Korea,LCK,2025,Cup + Rounds 1-2 + Road to MSI + Rounds 3-5 + Play-In + Playoffs,Dplus Kia,BeryL,Support,131,-2.7359,-0.021,-0.4583,-0.3719,,,,-1.3742,,1.0375,,-1.2595,,,,,,0.9024,,,-0.7107,-1.3309
Korea,LCK,2025,Cup + Rounds 1-2 + Road to MSI + Rounds 3-5 + Play-In + Playoffs,Nongshim RedForce,Lehends,Support,117,-4.8876,-0.042,-0.5263,-0.3719,,,,-0.8554,,0.5231,,-2.053,,,,,,-0.7318,,,0.3756,0.4348
Korea,LCK,2025,Cup + Rounds 1-2 + Road to MSI + Rounds 3-5 + Play-In + Playoffs,Kiwoom DRX,Andil,Support,87,-15.1644,-0.174,-0.8508,-0.3719,,,,-0.1334,,0.0053,,-0.7901,,,,,,-1.2172,,,-1.0898,-1.2266
Korea,LCK,2026,Split 1 + Cup,Hanwha Life Esports,Zeus,Top,27,24.7059,0.915,0.9412,-0.308,,,,,,,1.0087,0.9524,,1.4938,0.8995,-0.602,1.5739,,,,,
Korea,LCK,2026,Split 1 + Cup,Gen.G,Kiin,Top,35,19.478,0.557,0.6769,-0.308,,,,,,,0.6491,1.995,,0.7234,0.8471,0.4831,-1.5326,,,,,
Korea,LCK,2026,Split 1 + Cup,DN SOOPers,DuDu,Top,44,17.82,0.405,0.593,-0.308,,,,,,,0.7517,0.407,,0.3595,0.1643,1.3112,1.1792,,,,,
Korea,LCK,2026,Split 1 + Cup,KT Rolster,PerfecT,Top,31,10.7389,0.346,0.235,-0.308,,,,,,,0.8439,0.115,,1.1554,-0.3832,0.0034,-0.711,,,,,
Korea,LCK,2026,Split 1 + Cup,T1,Doran,Top,35,3.2145,0.092,-0.1455,-0.308,,,,,,,-0.391,-0.2199,,-0.0732,0.5437,-1.7297,0.3329,,,,,
Korea,LCK,2026,Split 1 + Cup,HANJIN BRION,Casting,Top,33,2.1851,0.066,-0.1975,-0.308,,,,,,,0.2488,-0.3541,,-0.4321,-0.7531,0.4729,-0.0082,,,,,
Korea,LCK,2026,Split 1 + Cup,Dplus Kia,Siwoo,Top,49,1.3688,0.028,-0.2388,-0.308,,,,,,,0.6247,-1.7446,,0.3642,-0.2142,-1.1015,-0.2423,,,,,
Korea,LCK,2026,Split 1 + Cup,Kiwoom DRX,Rich,Top,46,-0.4563,-0.01,-0.3311,-0.308,,,,,,,-1.4181,0.0445,,-0.8817,-0.115,0.8893,0.8885,,,,,
Korea,LCK,2026,Split 1 + Cup,BNK FEARX,Clear,Top,46,-8.1913,-0.178,-0.7222,-0.308,,,,,,,-0.4581,-0.6094,,-1.2895,-0.5783,-0.7083,-1.074,,,,,
Korea,LCK,2026,Split 1 + Cup,Nongshim RedForce,Kingen,Top,34,-9.9468,-0.293,-0.8109,-0.308,,,,,,,-1.8596,-0.5858,,-1.4198,-0.4108,0.9815,-0.4066,,,,,
Korea,LCK,2026,Split 1 + Cup,Hanwha Life Esports,Kanavi,Jungle,27,19.1656,0.71,0.7671,-0.2019,,,,,1.6158,2.0051,,0.2901,,,,-1.8303,,0.9095,1.1057,0.5416,-1.182,
Korea,LCK,2026,Split 1 + Cup,DN SOOPers,Pyosik,Jungle,44,10.71,0.243,0.3396,-0.2019,,,,,-0.5354,0.6026,,1.2345,,,,1.6917,,0.5876,-0.75,0.5418,0.923,
Korea,LCK,2026,Split 1 + Cup,Gen.G,Canyon,Jungle,35,8.7036,0.249,0.2382,-0.2019,,,,,1.6619,-0.3412,,-0.5374,,,,0.303,,-1.9342,1.3178,-0.7892,1.2507,
Korea,LCK,2026,Split 1 + Cup,Dplus Kia,Lucid,Jungle,49,5.9784,0.122,0.1004,-0.2019,,,,,-0.9058,0.2646,,-0.2468,,,,-1.1185,,0.2311,0.0112,2.2289,1.05,
Korea,LCK,2026,Split 1 + Cup,KT Rolster,Cuzz,Jungle,31,4.578,0.148,0.0296,-0.2019,,,,,-0.5597,0.4642,,0.0124,,,,-0.3364,,1.7149,-0.1751,-0.141,-0.3637,
Korea,LCK,2026,Split 1 + Cup,BNK FEARX,Raptor,Jungle,46,2.4531,0.053,-0.0779,-0.2019,,,,,-0.1891,0.235,,0.2146,,,,-0.1594,,-0.3602,0.3059,-0.811,-0.2393,
Korea,LCK,2026,Split 1 + Cup,HANJIN BRION,GIDEON,Jungle,33,0.7434,0.023,-0.1643,-0.2019,,,,,-0.6304,-0.1691,,0.7881,,,,0.2742,,0.2078,-1.4185,0.4724,-0.7482,
Korea,LCK,2026,Split 1 + Cup,Nongshim RedForce,Sponge,Jungle,34,-0.2478,-0.007,-0.2145,-0.2019,,,,,-0.4808,-0.7812,,1.1428,,,,-0.323,,-0.8953,-0.0906,-1.0804,-0.6344,
Korea,LCK,2026,Split 1 + Cup,Kiwoom DRX,Willer,Jungle,46,-4.9828,-0.108,-0.4539,-0.2019,,,,,-0.8664,-0.4613,,-0.79,,,,0.7952,,-0.1563,-0.7445,-0.1006,1.1825,
Korea,LCK,2026,Split 1 + Cup,T1,Oner,Jungle,35,-7.1659,-0.205,-0.5643,-0.2019,,,,,0.8899,-1.8187,,-2.1083,,,,0.7035,,-0.3048,0.438,-0.8626,-1.2386,
Korea,LCK,2026,Split 1 + Cup,Gen.G,Chovy,Middle,35,23.8361,0.681,0.8797,-0.3255,1.2464,,2.0436,0.5576,1.7276,0.8914,1.9072,-0.515,-0.4966,,,,,,,,,
Korea,LCK,2026,Split 1 + Cup,Nongshim RedForce,Scout,Middle,34,22.1533,0.652,0.7946,-0.3255,0.0996,,1.4022,0.6842,0.9212,0.5507,0.6973,1.5374,0.9095,,,,,,,,,
Korea,LCK,2026,Split 1 + Cup,Hanwha Life Esports,Zeka,Middle,27,19.6291,0.727,0.667,-0.3255,-0.3994,,0.0693,2.2187,0.7357,0.5621,-0.2459,1.1323,2.1488,,,,,,,,,
Korea,LCK,2026,Split 1 + Cup,KT Rolster,Bdd,Middle,31,18.6613,0.602,0.618,-0.3255,1.6179,,-0.3051,0.6719,-0.454,1.3144,0.3613,0.7715,-0.4582,,,,,,,,,
Korea,LCK,2026,Split 1 + Cup,BNK FEARX,VicLa,Middle,40,14.1138,0.353,0.3881,-0.3255,0.4961,,0.8598,-0.3064,0.2017,1.0652,0.4961,0.0741,-0.0716,,,,,,,,,
Korea,LCK,2026,Split 1 + Cup,DN SOOPers,Clozer,Middle,44,4.2168,0.096,-0.1123,-0.3255,-0.1289,,-0.5034,-0.2708,-0.6225,0.0176,0.7736,-0.3163,0.2057,,,,,,,,,
Korea,LCK,2026,Split 1 + Cup,Kiwoom DRX,Ucal,Middle,46,2.0907,0.045,-0.2198,-0.3255,-1.3142,,-0.5385,0.5787,0.0828,-0.6012,-0.2421,0.2762,1.0368,,,,,,,,,
Korea,LCK,2026,Split 1 + Cup,Dplus Kia,ShowMaker,Middle,49,1.6686,0.034,-0.2412,-0.3255,-0.6125,,-0.1949,-0.6289,-0.3294,0.5648,0.1481,-0.9319,0.3691,,,,,,,,,
Korea,LCK,2026,Split 1 + Cup,HANJIN BRION,Roamer,Middle,19,-1.6686,-0.088,-0.4099,-0.3255,0.1324,,-0.303,-0.3847,-1.794,-1.0379,-0.2231,0.3926,-0.6909,,,,,,,,,
Korea,LCK,2026,Split 1 + Cup,T1,Faker,Middle,35,-5.6901,-0.163,-0.6133,-0.3255,-0.4848,,-0.0157,-0.6419,0.3086,-0.1875,-0.8473,-1.6845,-1.1585,,,,,,,,,
Korea,LCK,2026,Split 1 + Cup,HANJIN BRION,Loki,Middle,14,-8.1916,-0.585,-0.7397,-0.3255,1.0574,,-1.5622,-1.6379,-1.4518,-1.6022,-2.1203,0.6761,-1.3505,,,,,,,,,
Korea,LCK,2026,Split 1 + Cup,Dplus Kia,Smash,ADC,49,10.0007,0.204,0.4858,-0.0198,-0.6461,1.3156,0.5553,1.6292,0.3555,-0.5244,,,,,,,,,,,,
Korea,LCK,2026,Split 1 + Cup,T1,Peyz,ADC,35,9.3629,0.268,0.4536,-0.0198,0.4937,0.6435,0.713,0.2317,0.1869,0.2054,,,,,,,,,,,,
Korea,LCK,2026,Split 1 + Cup,Hanwha Life Esports,Gumayusi,ADC,27,4.897,0.181,0.2278,-0.0198,0.2312,0.3793,0.0594,0.3471,0.1449,0.216,,,,,,,,,,,,
Korea,LCK,2026,Split 1 + Cup,BNK FEARX,Diable,ADC,46,3.4355,0.075,0.1539,-0.0198,-0.5301,0.0697,0.6426,-0.0798,0.549,0.7918,,,,,,,,,,,,
Korea,LCK,2026,Split 1 + Cup,Kiwoom DRX,Jiwoo,ADC,35,2.8308,0.081,0.1233,-0.0198,0.3172,-1.4622,1.097,-0.3284,0.3441,0.5571,,,,,,,,,,,,
Korea,LCK,2026,Split 1 + Cup,HANJIN BRION,Teddy,ADC,33,2.2083,0.067,0.0918,-0.0198,0.0811,0.1809,-0.2042,0.377,-0.4888,0.6586,,,,,,,,,,,,
Korea,LCK,2026,Split 1 + Cup,Gen.G,Ruler,ADC,35,1.8592,0.053,0.0742,-0.0198,-1.743,1.1431,0.3023,0.2616,1.349,0.3965,,,,,,,,,,,,
Korea,LCK,2026,Split 1 + Cup,Nongshim RedForce,Taeyoon,ADC,34,0.4345,0.013,0.0022,-0.0198,-0.0938,-0.6771,0.9436,-1.3242,0.2914,1.482,,,,,,,,,,,,
Korea,LCK,2026,Split 1 + Cup,KT Rolster,Aiming,ADC,31,-0.4345,-0.014,-0.0418,-0.0198,-0.5848,0.646,-0.8326,1.2687,0.8233,-1.5582,,,,,,,,,,,,
Korea,LCK,2026,Split 1 + Cup,Kiwoom DRX,LazyFeel,ADC,11,-12.0178,-1.093,-0.6275,-0.0198,2.3433,-0.4689,-2.1278,-1.7592,-2.1359,-0.4021,,,,,,,,,,,,
Korea,LCK,2026,Split 1 + Cup,DN SOOPers,deokdam,ADC,44,-18.2649,-0.415,-0.9433,-0.0198,0.1313,-1.7701,-1.1486,-0.6237,-1.4193,-1.8226,,,,,,,,,,,,
Korea,LCK,2026,Split 1 + Cup,KT Rolster,Effort,Support,14,23.5162,1.68,0.9578,-0.2313,,,,0.0341,,-0.3776,,0.6959,,,,,,1.7415,,,1.4703,1.6863
Korea,LCK,2026,Split 1 + Cup,Hanwha Life Esports,Delight,Support,27,14.3485,0.531,0.4942,-0.2313,,,,0.342,,0.5024,,0.2447,,,,,,0.8183,,,0.0298,0.377
Korea,LCK,2026,Split 1 + Cup,BNK FEARX,Kellin,Support,46,13.6984,0.298,0.4614,-0.2313,,,,0.8624,,0.3302,,0.1536,,,,,,-0.137,,,1.1126,0.815
Korea,LCK,2026,Split 1 + Cup,HANJIN BRION,Namgung,Support,33,12.5397,0.38,0.4028,-0.2313,,,,-0.1409,,0.8771,,-0.1773,,,,,,0.7587,,,0.4242,0.6049
Korea,LCK,2026,Split 1 + Cup,DN SOOPers,Peter,Support,35,10.0854,0.288,0.2787,-0.2313,,,,-0.5956,,0.2942,,0.2205,,,,,,0.9529,,,-0.1543,0.5813
Korea,LCK,2026,Split 1 + Cup,T1,Keria,Support,35,9.79,0.28,0.2638,-0.2313,,,,0.8936,,0.2405,,-0.3652,,,,,,-1.1974,,,1.5498,1.2804
Korea,LCK,2026,Split 1 + Cup,Nongshim RedForce,Lehends,Support,34,5.8862,0.173,0.0664,-0.2313,,,,0.4788,,1.1762,,-0.4246,,,,,,0.157,,,0.1008,-0.6579
Korea,LCK,2026,Split 1 + Cup,Gen.G,Duro,Support,35,3.6789,0.105,-0.0452,-0.2313,,,,0.002,,-0.1124,,0.0359,,,,,,-0.0615,,,-0.0435,-0.4849
Korea,LCK,2026,Split 1 + Cup,Dplus Kia,Career,Support,49,-3.6789,-0.075,-0.4173,-0.2313,,,,0.4032,,-0.5322,,-0.0269,,,,,,-0.2748,,,-1.1946,-0.751
Korea,LCK,2026,Split 1 + Cup,Kiwoom DRX,Andil,Support,46,-5.7793,-0.126,-0.5235,-0.2313,,,,-0.3717,,-0.0177,,0.0938,,,,,,-0.5312,,,0.027,-1.3103
Korea,LCK,2026,Split 1 + Cup,KT Rolster,Ghost,Support,11,-12.1826,-1.108,-0.8472,-0.2313,,,,-0.7971,,-0.9591,,0.9627,,,,,,-1.3019,,,-1.7179,-1.9086
Korea,LCK CL,2026,Kickoff + Rounds 1-2,BNK FEARX Youth,Kangin,Top,34,20.2226,0.595,0.418,-0.0525,,,,,,,-0.3837,1.742,,0.9707,0.4959,0.2925,-0.462,,,,,
Korea,LCK CL,2026,Kickoff + Rounds 1-2,Nongshim Esports Academy,Janus,Top,50,20.1591,0.403,0.4165,-0.0525,,,,,,,0.1729,-0.5961,,1.1505,1.2303,-0.6027,0.4281,,,,,
Korea,LCK CL,2026,Kickoff + Rounds 1-2,T1 Esports Academy,Haetae,Top,50,13.8716,0.277,0.2702,-0.0525,,,,,,,1.0694,-1.9652,,0.4128,0.9766,-0.3946,0.3105,,,,,
Korea,LCK CL,2026,Kickoff + Rounds 1-2,DN SOOPers Challengers,Lancer,Top,38,10.9188,0.287,0.2015,-0.0525,,,,,,,1.023,0.252,,0.7271,-0.5329,0.0518,-0.7309,,,,,
Korea,LCK CL,2026,Kickoff + Rounds 1-2,Kiwoom DRX Challengers,Frog,Top,51,8.8058,0.173,0.1523,-0.0525,,,,,,,0.5856,-0.7968,,-0.1923,-0.0431,1.8867,-0.2358,,,,,
Korea,LCK CL,2026,Kickoff + Rounds 1-2,Dplus Kia Challengers,Jaehyuk,Top,30,1.1511,0.038,-0.0258,-0.0525,,,,,,,0.8425,0.0536,,0.3434,-0.97,0.8465,-1.3811,,,,,
Korea,LCK CL,2026,Kickoff + Rounds 1-2,KT Rolster Challengers,Sero,Top,43,0.3559,0.008,-0.0443,-0.0525,,,,,,,0.4844,0.6055,,0.4267,-0.4304,-1.3985,-0.7276,,,,,
Korea,LCK CL,2026,Kickoff + Rounds 1-2,Gen.G Global Academy,Ripple,Top,30,-0.1186,-0.004,-0.0553,-0.0525,,,,,,,-0.885,-0.1221,,-0.7069,0.7425,-1.2457,2.2924,,,,,
Korea,LCK CL,2026,Kickoff + Rounds 1-2,HANJIN BRION Challengers,DDahyuk,Top,33,-18.1804,-0.551,-0.4756,-0.0525,,,,,,,-1.048,0.0115,,-1.1829,-0.6432,0.7563,0.4732,,,,,
Korea,LCK CL,2026,Kickoff + Rounds 1-2,Hanwha Life Esports Challengers,Panther,Top,39,-34.6022,-0.887,-0.8577,-0.0525,,,,,,,-1.8611,0.8156,,-1.9491,-0.8258,-0.1923,0.0332,,,,,
Korea,LCK CL,2026,Kickoff + Rounds 1-2,Dplus Kia Challengers,Sharvel,Jungle,30,30.5467,1.018,0.4982,-0.2125,,,,,0.9915,-0.9921,,-0.5165,,,,-0.0979,,2.0379,1.3274,1.0312,-0.7774,
Korea,LCK CL,2026,Kickoff + Rounds 1-2,T1 Esports Academy,Painter,Jungle,50,29.1543,0.583,0.4658,-0.2125,,,,,0.8715,1.547,,-1.0767,,,,-1.434,,0.2691,0.347,1.5027,1.2211,
Korea,LCK CL,2026,Kickoff + Rounds 1-2,KT Rolster Challengers,Sylvie,Jungle,43,24.9811,0.581,0.3687,-0.2125,,,,,0.9334,-0.0659,,0.3387,,,,1.8551,,-0.6132,0.7937,-0.1277,0.0482,
Korea,LCK CL,2026,Kickoff + Rounds 1-2,Hanwha Life Esports Challengers,Jackal,Jungle,39,19.0465,0.488,0.2306,-0.2125,,,,,0.0799,-0.2554,,2.2155,,,,0.6227,,-1.6167,-0.0968,-0.3669,-0.3813,
Korea,LCK CL,2026,Kickoff + Rounds 1-2,Nongshim Esports Academy,Mihawk,Jungle,50,14.8709,0.297,0.1335,-0.2125,,,,,0.623,0.7501,,-1.3821,,,,0.1885,,-0.242,0.2695,0.8791,-0.4348,
Korea,LCK CL,2026,Kickoff + Rounds 1-2,Kiwoom DRX Challengers,Winner,Jungle,51,9.7142,0.19,0.0135,-0.2125,,,,,0.4331,0.8158,,-0.4174,,,,-0.1495,,0.1771,-0.2539,-0.3095,0.4799,
Korea,LCK CL,2026,Kickoff + Rounds 1-2,DN SOOPers Challengers,DDoiV,Jungle,38,0.5607,0.015,-0.1995,-0.2125,,,,,-0.2672,0.0066,,-0.1733,,,,0.2389,,-0.106,0.7274,-1.6431,0.2911,
Korea,LCK CL,2026,Kickoff + Rounds 1-2,HANJIN BRION Challengers,Dinai,Jungle,33,-0.1869,-0.006,-0.2169,-0.2125,,,,,-0.4564,0.5219,,0.0939,,,,-0.3371,,0.8828,-0.9054,-0.9167,-0.1112,
Korea,LCK CL,2026,Kickoff + Rounds 1-2,Gen.G Global Academy,Courage,Jungle,30,-8.9252,-0.298,-0.4202,-0.2125,,,,,-1.1707,-0.3445,,0.5151,,,,0.6709,,-0.9391,-0.9004,0.723,-1.9262,
Korea,LCK CL,2026,Kickoff + Rounds 1-2,BNK FEARX Youth,Zephyr,Jungle,34,-28.424,-0.836,-0.8739,-0.2125,,,,,-2.0381,-1.9834,,0.4026,,,,-1.5576,,0.1501,-1.3085,-0.7722,1.5906,
Korea,LCK CL,2026,Kickoff + Rounds 1-2,BNK FEARX Youth,FIESTA,Middle,34,47.9366,1.41,0.9069,-0.2085,2.0192,,1.2586,0.1024,-0.1266,0.6225,1.0044,0.8543,0.5768,,,,,,,,,
Korea,LCK CL,2026,Kickoff + Rounds 1-2,Gen.G Global Academy,Kemish,Middle,30,36.8761,1.229,0.6496,-0.2085,-0.364,,0.6203,2.0615,0.5611,0.1867,0.7364,1.2828,1.0401,,,,,,,,,
Korea,LCK CL,2026,Kickoff + Rounds 1-2,T1 Esports Academy,Guti,Middle,50,30.399,0.608,0.4989,-0.2085,0.7962,,0.8963,0.4197,0.9541,0.709,0.7313,-0.4769,0.0467,,,,,,,,,
Korea,LCK CL,2026,Kickoff + Rounds 1-2,HANJIN BRION Challengers,Tempester,Middle,32,18.2128,0.569,0.2153,-0.2085,0.2193,,-0.6033,0.9644,-0.6871,0.8166,0.1329,0.7529,-0.4468,,,,,,,,,
Korea,LCK CL,2026,Kickoff + Rounds 1-2,Nongshim Esports Academy,SeTab,Middle,50,13.5505,0.271,0.1068,-0.2085,-0.1654,,0.4246,-0.3981,0.8626,0.9304,0.7072,-1.1546,0.139,,,,,,,,,
Korea,LCK CL,2026,Kickoff + Rounds 1-2,KT Rolster Challengers,Hwichan,Middle,43,8.0821,0.188,-0.0204,-0.2085,-0.8951,,-0.2844,0.6343,0.8631,0.5341,0.3635,-0.5383,0.0158,,,,,,,,,
Korea,LCK CL,2026,Kickoff + Rounds 1-2,Dplus Kia Challengers,Garden,Middle,30,2.0176,0.067,-0.1615,-0.2085,0.1883,,0.004,-1.5673,0.6042,-0.4001,-0.2557,-0.0159,-0.1531,,,,,,,,,
Korea,LCK CL,2026,Kickoff + Rounds 1-2,DN SOOPers Challengers,Flip,Middle,38,-0.6725,-0.018,-0.2241,-0.2085,0.5115,,0.568,-0.5235,-0.1653,-0.2908,-0.0988,-1.1616,-0.8658,,,,,,,,,
Korea,LCK CL,2026,Kickoff + Rounds 1-2,Hanwha Life Esports Challengers,Cracker,Middle,39,-17.1585,-0.44,-0.6077,-0.2085,0.2157,,-1.2715,-0.9024,-1.88,0.0246,-0.0176,-0.8111,-1.2571,,,,,,,,,
Korea,LCK CL,2026,Kickoff + Rounds 1-2,Kiwoom DRX Challengers,AKaJe,Middle,51,-38.0921,-0.747,-1.0948,-0.2085,-1.8738,,-2.103,-0.0675,-1.585,-0.5409,-0.7214,-0.4603,-1.2213,,,,,,,,,
Korea,LCK CL,2026,Kickoff + Rounds 1-2,Kiwoom DRX Challengers,LazyFeel,ADC,41,53.8042,1.312,1.0443,-0.2076,1.4368,1.3929,1.3783,0.2688,0.6968,0.7855,,,,,,,,,,,,
Korea,LCK CL,2026,Kickoff + Rounds 1-2,Hanwha Life Esports Challengers,Pyeonsik,ADC,39,40.3359,1.034,0.731,-0.2076,0.6586,0.4655,0.6271,1.3719,0.4581,0.5168,,,,,,,,,,,,
Korea,LCK CL,2026,Kickoff + Rounds 1-2,DN SOOPers Challengers,Enosh,ADC,38,36.4321,0.959,0.6401,-0.2076,-0.4194,0.4387,1.1347,0.6779,1.4972,1.2809,,,,,,,,,,,,
Korea,LCK CL,2026,Kickoff + Rounds 1-2,KT Rolster Challengers,FenRir,ADC,43,13.1325,0.305,0.098,-0.2076,1.2315,0.0564,0.8932,-1.6335,0.2134,-0.8317,,,,,,,,,,,,
Korea,LCK CL,2026,Kickoff + Rounds 1-2,BNK FEARX Youth,Slayer,ADC,34,5.5289,0.163,-0.0789,-0.2076,-0.9541,1.1234,0.2474,0.2934,0.5131,-1.9842,,,,,,,,,,,,
Korea,LCK CL,2026,Kickoff + Rounds 1-2,Kiwoom DRX Challengers,Jiwoo,ADC,10,5.3802,0.538,-0.0824,-0.2076,1.1844,0.2621,-0.0012,-1.6811,-0.3468,-0.1703,,,,,,,,,,,,
Korea,LCK CL,2026,Kickoff + Rounds 1-2,HANJIN BRION Challengers,OddEye,ADC,33,2.2371,0.068,-0.1555,-0.2076,0.2963,-1.0966,0.0227,0.0403,-0.2815,-0.4272,,,,,,,,,,,,
Korea,LCK CL,2026,Kickoff + Rounds 1-2,T1 Esports Academy,Cypher,ADC,50,0.0767,0.002,-0.2058,-0.2076,-0.6392,-0.2259,-0.4718,-0.1163,-0.1803,1.1934,,,,,,,,,,,,
Korea,LCK CL,2026,Kickoff + Rounds 1-2,Dplus Kia Challengers,Wayne,ADC,30,-0.0767,-0.003,-0.2094,-0.2076,-0.5703,-0.5004,-1.0443,0.6817,0.4449,0.4815,,,,,,,,,,,,
Korea,LCK CL,2026,Kickoff + Rounds 1-2,Nongshim Esports Academy,Lucy,ADC,50,-0.3536,-0.007,-0.2158,-0.2076,-0.7962,0.2621,-0.9652,0.9205,-0.5642,0.1354,,,,,,,,,,,,
Korea,LCK CL,2026,Kickoff + Rounds 1-2,Gen.G Global Academy,MUDAI,ADC,30,-58.3664,-1.946,-1.5656,-0.2076,-1.4285,-2.1781,-1.8209,-0.8237,-2.4507,-0.9801,,,,,,,,,,,,
Korea,LCK CL,2026,Kickoff + Rounds 1-2,T1 Esports Academy,Cloud,Support,50,59.2839,1.186,1.0785,-0.3009,,,,1.4141,,1.3541,,-0.1524,,,,,,0.9323,,,1.0958,1.3353
Korea,LCK CL,2026,Kickoff + Rounds 1-2,KT Rolster Challengers,Effort,Support,25,29.3201,1.173,0.3813,-0.3009,,,,0.8137,,-0.6129,,-0.5484,,,,,,0.7831,,,1.3505,1.1291
Korea,LCK CL,2026,Kickoff + Rounds 1-2,Gen.G Global Academy,SIRIUSS,Support,11,28.9368,2.631,0.3724,-0.3009,,,,-1.3727,,-0.5514,,0.7518,,,,,,1.6582,,,0.062,1.114
Korea,LCK CL,2026,Kickoff + Rounds 1-2,Hanwha Life Esports Challengers,Bluffing,Support,39,27.0713,0.694,0.329,-0.3009,,,,-0.0693,,0.0568,,1.3414,,,,,,0.462,,,0.2248,0.0219
Korea,LCK CL,2026,Kickoff + Rounds 1-2,HANJIN BRION Challengers,PlanB,Support,33,25.0098,0.758,0.281,-0.3009,,,,-1.2135,,0.457,,1.2494,,,,,,0.3937,,,0.6466,-0.3045
Korea,LCK CL,2026,Kickoff + Rounds 1-2,Gen.G Global Academy,Lumos,Support,19,22.0846,1.162,0.2129,-0.3009,,,,-1.2156,,0.465,,-0.489,,,,,,1.132,,,1.5204,0.4744
Korea,LCK CL,2026,Kickoff + Rounds 1-2,Nongshim Esports Academy,Pleata,Support,50,20.3444,0.407,0.1724,-0.3009,,,,0.4285,,1.4002,,-0.8658,,,,,,-0.1258,,,-0.6598,0.1924
Korea,LCK CL,2026,Kickoff + Rounds 1-2,Dplus Kia Challengers,Loopy,Support,30,6.6208,0.221,-0.1469,-0.3009,,,,0.9398,,0.8626,,0.0651,,,,,,-0.5461,,,-0.1823,-1.3621
Korea,LCK CL,2026,Kickoff + Rounds 1-2,DN SOOPers Challengers,Quantum,Support,38,1.8516,0.049,-0.2578,-0.3009,,,,0.464,,-0.506,,1.0217,,,,,,-0.0092,,,-1.7616,-1.1229
Korea,LCK CL,2026,Kickoff + Rounds 1-2,BNK FEARX Youth,Luon,Support,34,-5.5549,-0.163,-0.4302,-0.3009,,,,0.6356,,-2.2596,,-0.013,,,,,,-1.5472,,,0.3129,0.6775
Korea,LCK CL,2026,Kickoff + Rounds 1-2,Kiwoom DRX Challengers,Minous,Support,51,-10.0489,-0.197,-0.5347,-0.3009,,,,-1.2326,,0.341,,0.1565,,,,,,-1.111,,,-0.714,-0.552
Korea,LCK CL,2026,Kickoff + Rounds 1-2,KT Rolster Challengers,Pollu,Support,12,-31.1501,-2.596,-1.0257,-0.3009,,,,-0.5739,,-0.9328,,-2.3813,,,,,,-1.2673,,,-0.6193,0.2429
Europe,LEC,2025,Spring,Rogue,Adam,Top,20,20.9324,1.047,0.8355,-0.3899,,,,,,,0.6313,2.3415,,1.6568,-0.1038,0.9198,0.1189,,,,,
Europe,LEC,2025,Spring,Movistar KOI,Myrwn,Top,22,18.4942,0.841,0.6928,-0.3899,,,,,,,0.4355,0.3958,,0.2972,0.9404,0.0986,2.3499,,,,,
Europe,LEC,2025,Spring,Karmine Corp,Canna,Top,24,15.3053,0.638,0.5061,-0.3899,,,,,,,1.6898,-1.4672,,1.0275,0.6526,0.283,-0.4187,,,,,
Europe,LEC,2025,Spring,G2 Esports,BrokenBlade,Top,22,10.0673,0.458,0.1994,-0.3899,,,,,,,0.2449,-0.8497,,0.609,1.0247,-1.2257,0.4068,,,,,
Europe,LEC,2025,Spring,Team Vitality,Naak Nako,Top,21,8.3171,0.396,0.097,-0.3899,,,,,,,0.0683,0.2041,,-0.2383,0.5916,-1.1106,0.4818,,,,,
Europe,LEC,2025,Spring,GiantX,Lot,Top,21,4.3874,0.209,-0.1331,-0.3899,,,,,,,0.5303,-0.122,,0.2113,-0.9377,0.37,-0.8164,,,,,
Europe,LEC,2025,Spring,Fnatic,Oscarinin,Top,21,3.7497,0.179,-0.1704,-0.3899,,,,,,,-0.4879,0.0261,,-0.0657,0.3076,-0.8041,-0.3904,,,,,
Europe,LEC,2025,Spring,Team BDS,Irrelevant,Top,21,-1.2499,-0.06,-0.4631,-0.3899,,,,,,,-0.2103,-0.6331,,-0.7726,-0.3319,-0.6045,-0.5625,,,,,
Europe,LEC,2025,Spring,Team Heretics,Carlsen,Top,21,-4.9931,-0.238,-0.6823,-0.3899,,,,,,,-0.8518,-0.0545,,-1.765,-1.0764,2.0441,-1.3168,,,,,
Europe,LEC,2025,Spring,SK Gaming,JNX,Top,19,-8.4019,-0.442,-0.8818,-0.3899,,,,,,,-2.0501,0.1588,,-0.9603,-1.067,0.0293,0.1475,,,,,
Europe,LEC,2025,Spring,G2 Esports,SkewMond,Jungle,22,15.7401,0.715,0.8289,-0.0925,,,,,1.1414,0.4942,,-0.4846,,,,0.9842,,1.689,1.1798,1.2039,0.6304,
Europe,LEC,2025,Spring,Fnatic,Razork,Jungle,21,12.3922,0.59,0.6329,-0.0925,,,,,1.3402,0.4692,,-0.1306,,,,-0.8748,,1.1681,1.2806,0.4349,0.0935,
Europe,LEC,2025,Spring,Movistar KOI,Elyoya,Jungle,22,6.9305,0.315,0.3132,-0.0925,,,,,0.5713,0.1167,,-0.2766,,,,1.4392,,1.4285,-0.2153,-0.1724,1.4356,
Europe,LEC,2025,Spring,GiantX,ISMA,Jungle,21,6.6584,0.317,0.2973,-0.0925,,,,,-0.2686,0.0466,,1.7576,,,,-0.7714,,0.2565,-0.2558,0.2824,-0.4433,
Europe,LEC,2025,Spring,Team Heretics,Sheo,Jungle,21,5.3391,0.254,0.22,-0.0925,,,,,0.3413,0.9186,,0.542,,,,-0.3164,,-1.0024,0.1885,0.953,-1.5617,
Europe,LEC,2025,Spring,Team BDS,113,Jungle,21,4.1755,0.199,0.1519,-0.0925,,,,,-0.3213,1.7109,,0.669,,,,-1.9521,,-0.5249,0.3551,0.3211,-0.9354,
Europe,LEC,2025,Spring,Karmine Corp,Yike,Jungle,24,3.7927,0.158,0.1295,-0.0925,,,,,0.9634,-0.4758,,-0.0516,,,,-0.1994,,-1.176,0.9882,-0.2037,-0.4433,
Europe,LEC,2025,Spring,Team Vitality,Lyncas,Jungle,21,-1.2642,-0.06,-0.1666,-0.0925,,,,,0.1945,-0.053,,-0.2811,,,,0.7304,,-0.7419,-0.1594,0.0605,-0.667,
Europe,LEC,2025,Spring,SK Gaming,Boukada,Jungle,19,-5.8021,-0.305,-0.4322,-0.0925,,,,,-1.119,-0.0567,,-0.1616,,,,0.3565,,-0.5249,-0.7765,0.4737,0.0041,
Europe,LEC,2025,Spring,Rogue,Malrang,Jungle,18,-11.9469,-0.664,-0.7919,-0.0925,,,,,-1.5286,-1.0903,,0.7057,,,,-0.3332,,-0.1776,-1.0828,-2.4978,0.0488,
Europe,LEC,2025,Spring,GiantX,Jackies,Middle,21,10.3982,0.495,0.4111,-0.1976,0.6741,,0.8499,-0.8038,0.8057,-0.8206,0.0245,0.4508,2.4413,,,,,,,,,
Europe,LEC,2025,Spring,Team BDS,nuc,Middle,21,10.2815,0.49,0.4043,-0.1976,-0.2133,,0.8592,0.3204,-0.0399,0.7209,-0.1799,1.8644,-0.3681,,,,,,,,,
Europe,LEC,2025,Spring,Team Heretics,Kamiloo,Middle,21,9.8068,0.467,0.3765,-0.1976,1.5817,,1.61,-1.4783,-0.1408,-0.065,-0.8124,0.6348,0.5684,,,,,,,,,
Europe,LEC,2025,Spring,Movistar KOI,Jojopyun,Middle,22,4.7988,0.218,0.0833,-0.1976,0.8111,,-0.4082,-0.6914,-0.1219,1.4681,0.1225,-1.016,-0.3681,,,,,,,,,
Europe,LEC,2025,Spring,SK Gaming,Reeker,Middle,19,3.9935,0.21,0.0362,-0.1976,1.1354,,0.0007,-0.4665,-1.3484,-0.2485,0.249,0.114,-0.1421,,,,,,,,,
Europe,LEC,2025,Spring,Team Vitality,Czajek,Middle,21,3.0973,0.147,-0.0163,-0.1976,-0.1161,,-0.2932,1.6132,-1.0952,1.0785,1.3541,-1.1075,-1.4661,,,,,,,,,
Europe,LEC,2025,Spring,Rogue,Larssen,Middle,20,2.2619,0.113,-0.0652,-0.1976,-0.8884,,-0.9428,1.3603,-1.0235,-0.1778,1.0174,0.8342,-0.2713,,,,,,,,,
Europe,LEC,2025,Spring,Karmine Corp,Vladi,Middle,24,-0.754,-0.031,-0.2418,-0.1976,-0.6835,,0.4763,0.3204,1.0903,-0.9866,-1.8776,0.1809,0.1485,,,,,,,,,
Europe,LEC,2025,Spring,G2 Esports,Caps,Middle,22,-3.2105,-0.146,-0.3856,-0.1976,-1.4097,,-1.8709,0.5452,0.129,0.7296,1.0079,-1.0277,-0.4004,,,,,,,,,
Europe,LEC,2025,Spring,Fnatic,Humanoid,Middle,21,-6.9172,-0.329,-0.6026,-0.1976,-0.8913,,-0.281,-0.7195,1.7447,-1.6986,-0.9056,-0.9279,-0.1421,,,,,,,,,
Europe,LEC,2025,Spring,Fnatic,Upset,ADC,21,22.521,1.072,0.8199,-0.4985,-0.031,0.3628,0.2002,2.2888,1.2755,1.4215,,,,,,,,,,,,
Europe,LEC,2025,Spring,Team BDS,Ice,ADC,21,21.2577,1.012,0.746,-0.4985,-0.3364,0.7446,1.2739,0.965,0.5965,1.7069,,,,,,,,,,,,
Europe,LEC,2025,Spring,Karmine Corp,Caliste,ADC,24,20.7457,0.864,0.716,-0.4985,-0.1007,1.3174,1.2719,0.0592,1.7348,0.6953,,,,,,,,,,,,
Europe,LEC,2025,Spring,Rogue,Patrik,ADC,20,10.8441,0.542,0.1363,-0.4985,2.5366,-1.7374,0.9132,-0.9859,-1.4927,-0.3282,,,,,,,,,,,,
Europe,LEC,2025,Spring,GiantX,Noah,ADC,21,9.8794,0.47,0.0799,-0.4985,0.1437,0.3628,0.1897,-0.0105,0.1149,-0.5898,,,,,,,,,,,,
Europe,LEC,2025,Spring,G2 Esports,Hans Sama,ADC,22,4.7208,0.215,-0.2221,-0.4985,-0.131,0.1718,-0.7691,-0.0801,-0.4539,0.1603,,,,,,,,,,,,
Europe,LEC,2025,Spring,Team Heretics,Flakked,ADC,21,4.5321,0.216,-0.2332,-0.4985,0.0665,-0.4009,0.0793,-0.0453,-0.7194,-1.2485,,,,,,,,,,,,
Europe,LEC,2025,Spring,Team Vitality,Carzzy,ADC,21,-1.5107,-0.072,-0.5869,-0.4985,-0.1919,-1.1646,-0.338,-1.0555,-0.5262,-0.293,,,,,,,,,,,,
Europe,LEC,2025,Spring,Movistar KOI,Supa,ADC,22,-3.4776,-0.158,-0.7021,-0.4985,-1.4522,1.1265,-1.6914,-0.7769,0.2948,-0.3786,,,,,,,,,,,,
Europe,LEC,2025,Spring,SK Gaming,Keduii,ADC,19,-4.3588,-0.229,-0.7537,-0.4985,-0.5036,-0.7828,-1.1298,-0.3588,-0.8242,-1.1458,,,,,,,,,,,,
Europe,LEC,2025,Spring,Team BDS,Parus,Support,21,18.34,0.873,0.7882,-0.2855,,,,0.3555,,1.1868,,1.2369,,,,,,0.6118,,,-0.2281,1.0966
Europe,LEC,2025,Spring,Movistar KOI,Alvaro,Support,22,15.4964,0.704,0.6217,-0.2855,,,,0.1367,,0.4856,,1.2395,,,,,,-0.0545,,,-0.3117,1.1178
Europe,LEC,2025,Spring,Fnatic,Mikyx,Support,21,5.6953,0.271,0.0479,-0.2855,,,,0.0273,,-0.1313,,-0.5574,,,,,,1.0782,,,-0.3117,0.0154
Europe,LEC,2025,Spring,Team Heretics,Stend,Support,21,4.0593,0.193,-0.0479,-0.2855,,,,0.1641,,-0.5197,,0.6013,,,,,,0.745,,,-1.4408,-0.5994
Europe,LEC,2025,Spring,GiantX,Jun,Support,21,2.0456,0.097,-0.1657,-0.2855,,,,0.8203,,0.106,,-0.8752,,,,,,-0.7874,,,-0.6044,0.2486
Europe,LEC,2025,Spring,SK Gaming,Loopy,Support,19,0.7511,0.04,-0.2415,-0.2855,,,,-0.2461,,0.9009,,0.5387,,,,,,-0.5542,,,0.6501,-1.4685
Europe,LEC,2025,Spring,Rogue,Execute,Support,18,0.644,0.036,-0.2478,-0.2855,,,,-1.586,,-0.0364,,-2.1966,,,,,,-0.1211,,,1.9464,1.5629
Europe,LEC,2025,Spring,Karmine Corp,Targamas,Support,24,-0.2147,-0.009,-0.2981,-0.2855,,,,-0.2188,,-1.1005,,-0.1545,,,,,,0.7783,,,-1.0226,-0.7689
Europe,LEC,2025,Spring,Team Vitality,Nisqy,Support,21,-0.2638,-0.013,-0.3009,-0.2855,,,,-1.1758,,-0.0278,,0.0532,,,,,,-0.2211,,,-0.3954,-0.3026
Europe,LEC,2025,Spring,G2 Esports,Labrov,Support,22,-0.4785,-0.022,-0.3135,-0.2855,,,,-0.4922,,1.2504,,-0.3597,,,,,,-2.3532,,,0.3992,0.397
Europe,LEC,2026,Spring + Versus + Versus PO,Team Vitality,Naak Nako,Top,36,38.2175,1.062,0.6388,-0.266,,,,,,,1.1152,-0.1852,,1.7035,0.7685,0.1006,-0.6999,,,,,
Europe,LEC,2026,Spring + Versus + Versus PO,Shifters,Rooster,Top,20,36.347,1.817,0.5945,-0.266,,,,,,,1.0397,0.432,,1.0693,0.3204,0.8997,-0.6072,,,,,
Europe,LEC,2026,Spring + Versus + Versus PO,Karmine Corp,Canna,Top,38,35.4794,0.934,0.5739,-0.266,,,,,,,0.794,-0.2258,,0.9186,0.5474,0.6857,0.6611,,,,,
Europe,LEC,2026,Spring + Versus + Versus PO,Natus Vincere,Maynter,Top,31,34.8329,1.124,0.5586,-0.266,,,,,,,-0.1545,1.4586,,-0.3644,1.0254,0.442,1.3258,,,,,
Europe,LEC,2026,Spring + Versus + Versus PO,Team Heretics,Tracyn,Top,32,16.5216,0.516,0.1251,-0.266,,,,,,,0.7191,-0.2261,,0.3126,-0.3409,0.8228,-0.6466,,,,,
Europe,LEC,2026,Spring + Versus + Versus PO,SK Gaming,Wunder,Top,29,15.8377,0.546,0.1089,-0.266,,,,,,,-0.132,-0.5972,,0.3577,0.2019,-0.1112,1.3851,,,,,
Europe,LEC,2026,Spring + Versus + Versus PO,GiantX,Lot,Top,37,8.7705,0.237,-0.0584,-0.266,,,,,,,-0.1955,2.2547,,-0.3751,-0.9496,0.1455,-0.6857,,,,,
Europe,LEC,2026,Spring + Versus + Versus PO,Fnatic,Empyros,Top,25,6.3154,0.253,-0.1165,-0.266,,,,,,,-0.4242,-0.1756,,-0.1973,-0.2772,-0.1837,1.3318,,,,,
Europe,LEC,2026,Spring + Versus + Versus PO,G2 Esports,BrokenBlade,Top,35,1.3169,0.038,-0.2348,-0.266,,,,,,,-0.4169,-0.577,,-0.0708,0.231,0.3285,-1.2404,,,,,
Europe,LEC,2026,Spring + Versus + Versus PO,Movistar KOI,Myrwn,Top,35,-3.9507,-0.113,-0.3595,-0.266,,,,,,,-0.0962,-1.4551,,-0.5437,-0.2297,0.3598,-0.1419,,,,,
Europe,LEC,2026,Spring + Versus + Versus PO,Karmine Corp Blue,Tao,Top,11,-5.962,-0.542,-0.4071,-0.266,,,,,,,0.3851,0.0849,,-0.5917,-0.9625,-0.6394,-1.2284,,,,,
Europe,LEC,2026,Spring + Versus + Versus PO,Los Ratones,Baus,Top,11,-48.8974,-4.445,-1.4236,-0.266,,,,,,,-2.6338,-0.7882,,-2.2186,-0.3347,-2.8504,0.5463,,,,,
Europe,LEC,2026,Spring + Versus + Versus PO,Natus Vincere,Rhilech,Jungle,31,60.6752,1.957,1.0186,-0.4177,,,,,1.6112,1.2719,,0.8763,,,,0.7825,,-0.3069,0.7489,1.343,0.0616,
Europe,LEC,2026,Spring + Versus + Versus PO,G2 Esports,SkewMond,Jungle,35,53.3061,1.523,0.8442,-0.4177,,,,,1.0298,1.0509,,0.6083,,,,0.3212,,0.2487,0.7621,1.0904,1.026,
Europe,LEC,2026,Spring + Versus + Versus PO,Karmine Corp,Yike,Jungle,38,43.0425,1.133,0.6012,-0.4177,,,,,1.2837,0.6376,,0.1411,,,,-0.1772,,-0.1779,0.6384,0.7303,0.2369,
Europe,LEC,2026,Spring + Versus + Versus PO,Movistar KOI,Elyoya,Jungle,35,38.2084,1.092,0.4868,-0.4177,,,,,0.6504,-1.6393,,1.2866,,,,1.2297,,0.9396,-0.0947,0.0989,2.2022,
Europe,LEC,2026,Spring + Versus + Versus PO,GiantX,ISMA,Jungle,37,20.2325,0.547,0.0612,-0.4177,,,,,0.0894,0.4139,,0.8832,,,,0.6325,,-0.8401,-0.0709,-0.3116,-1.1054,
Europe,LEC,2026,Spring + Versus + Versus PO,Team Heretics,Sheo,Jungle,30,17.1381,0.571,-0.012,-0.4177,,,,,-0.3476,0.2233,,0.2588,,,,-0.7747,,0.3337,-0.0143,0.3838,-0.5572,
Europe,LEC,2026,Spring + Versus + Versus PO,Fnatic,Razork,Jungle,25,11.9813,0.479,-0.1341,-0.4177,,,,,-0.0307,-0.0531,,0.7982,,,,-2.0784,,1.2152,0.1558,-1.3949,-0.6471,
Europe,LEC,2026,Spring + Versus + Versus PO,Karmine Corp Blue,Yukino,Jungle,11,11.7574,1.069,-0.1394,-0.4177,,,,,-0.25,-0.6066,,-0.3516,,,,-0.802,,-1.642,-0.1609,1.6493,-0.3227,
Europe,LEC,2026,Spring + Versus + Versus PO,Los Ratones,Velja,Jungle,11,1.0361,0.094,-0.3932,-0.4177,,,,,-0.4508,-1.2778,,0.2374,,,,-1.3125,,-0.2276,-0.4152,-0.2544,-0.1159,
Europe,LEC,2026,Spring + Versus + Versus PO,Team Vitality,Lyncas,Jungle,36,-3.1084,-0.086,-0.4913,-0.4177,,,,,0.0523,0.0266,,-1.4565,,,,0.9742,,-0.99,-0.5425,-0.5869,0.1439,
Europe,LEC,2026,Spring + Versus + Versus PO,SK Gaming,Skeanz,Jungle,29,-3.2846,-0.113,-0.4955,-0.4177,,,,,-0.4271,-0.978,,-0.2125,,,,0.9496,,-0.6654,-0.2721,-1.0301,-0.1073,
Europe,LEC,2026,Spring + Versus + Versus PO,Shifters,Boukada,Jungle,20,-8.8008,-0.44,-0.6261,-0.4177,,,,,-1.0868,-0.6682,,-0.9664,,,,0.4207,,-0.0003,-1.1424,-0.3075,0.935,
Europe,LEC,2026,Spring + Versus + Versus PO,G2 Esports,Caps,Middle,35,35.1354,1.004,0.6257,-0.206,-0.3964,,0.0525,0.6995,1.0112,1.0956,0.6791,1.0146,1.4424,,,,,,,,,
Europe,LEC,2026,Spring + Versus + Versus PO,GiantX,Jackies,Middle,37,23.2384,0.628,0.3441,-0.206,0.4441,,0.3499,1.1071,0.6076,0.1567,0.1125,-0.0245,0.1774,,,,,,,,,
Europe,LEC,2026,Spring + Versus + Versus PO,Movistar KOI,Jojopyun,Middle,35,20.0095,0.572,0.2676,-0.206,0.1239,,1.1958,-1.6464,0.564,1.2579,1.1636,0.0708,-0.8415,,,,,,,,,
Europe,LEC,2026,Spring + Versus + Versus PO,Los Ratones,Nemesis,Middle,11,16.9685,1.543,0.1957,-0.206,1.6499,,0.6385,1.2378,0.4454,-1.9442,-0.2682,0.4219,-1.1132,,,,,,,,,
Europe,LEC,2026,Spring + Versus + Versus PO,Karmine Corp,kyeahoo,Middle,38,10.7503,0.283,0.0484,-0.206,-0.0165,,0.7424,-0.1253,0.7614,0.8468,1.3313,-1.4593,-1.2734,,,,,,,,,
Europe,LEC,2026,Spring + Versus + Versus PO,Shifters,nuc,Middle,20,9.8938,0.495,0.0282,-0.206,-0.1909,,-1.6412,-0.1761,-1.0954,1.1396,0.8026,0.4567,0.3792,,,,,,,,,
Europe,LEC,2026,Spring + Versus + Versus PO,Fnatic,Vladi,Middle,25,9.6583,0.386,0.0226,-0.206,0.4872,,-0.8915,0.3722,-1.0277,-0.7187,-0.74,1.6985,0.0689,,,,,,,,,
Europe,LEC,2026,Spring + Versus + Versus PO,Team Heretics,Serin,Middle,32,5.0613,0.158,-0.0862,-0.206,1.2195,,-0.8191,1.0651,-2.3236,-1.198,-1.4975,-0.0171,2.0964,,,,,,,,,
Europe,LEC,2026,Spring + Versus + Versus PO,Natus Vincere,Poby,Middle,31,1.7659,0.057,-0.1642,-0.206,-0.8538,,-1.1099,0.3999,0.4904,-0.4781,0.6019,0.05,0.3252,,,,,,,,,
Europe,LEC,2026,Spring + Versus + Versus PO,Karmine Corp Blue,Kamiloo,Middle,11,-5.2976,-0.482,-0.3315,-0.206,0.0818,,0.074,-0.7574,-0.3841,-0.3805,-1.7753,0.1506,-0.2905,,,,,,,,,
Europe,LEC,2026,Spring + Versus + Versus PO,Team Vitality,Humanoid,Middle,36,-10.531,-0.293,-0.4554,-0.206,-0.2342,,1.7283,-1.6452,0.3825,-0.0417,-0.5893,-2.1161,-0.7247,,,,,,,,,
Europe,LEC,2026,Spring + Versus + Versus PO,SK Gaming,LIDER,Middle,29,-12.2077,-0.421,-0.495,-0.206,-2.3144,,-0.3196,-0.5311,0.5682,0.2647,0.1792,-0.246,-0.2462,,,,,,,,,
Europe,LEC,2026,Spring + Versus + Versus PO,Movistar KOI,Supa,ADC,35,46.2904,1.323,0.7406,-0.3552,0.5646,0.6265,1.3252,0.6978,1.2985,-0.4795,,,,,,,,,,,,
Europe,LEC,2026,Spring + Versus + Versus PO,Karmine Corp,Caliste,ADC,38,35.2911,0.929,0.4802,-0.3552,-0.4134,1.8179,0.2542,0.7724,1.2556,-0.3666,,,,,,,,,,,,
Europe,LEC,2026,Spring + Versus + Versus PO,SK Gaming,Jopa,ADC,29,34.2968,1.183,0.4567,-0.3552,0.8256,-0.4367,1.2282,0.7084,-0.4601,-0.3556,,,,,,,,,,,,
Europe,LEC,2026,Spring + Versus + Versus PO,Team Vitality,Carzzy,ADC,36,28.3291,0.787,0.3154,-0.3552,1.2747,-1.2496,1.2465,-0.4627,-0.2773,0.5584,,,,,,,,,,,,
Europe,LEC,2026,Spring + Versus + Versus PO,Fnatic,Upset,ADC,25,26.1249,1.045,0.2632,-0.3552,-0.8471,0.7244,-0.1748,1.7849,0.7881,-0.513,,,,,,,,,,,,
Europe,LEC,2026,Spring + Versus + Versus PO,G2 Esports,Hans Sama,ADC,35,20.6816,0.591,0.1344,-0.3552,0.0446,-0.1146,-0.2179,0.3633,0.134,1.0452,,,,,,,,,,,,
Europe,LEC,2026,Spring + Versus + Versus PO,Natus Vincere,SamD,ADC,31,17.6708,0.57,0.0631,-0.3552,-0.3957,0.8949,-0.1571,-0.738,0.7931,1.2153,,,,,,,,,,,,
Europe,LEC,2026,Spring + Versus + Versus PO,Shifters,Paduck,ADC,20,11.0659,0.553,-0.0933,-0.3552,1.1814,-1.4169,0.5168,-0.841,-0.4381,-0.5081,,,,,,,,,,,,
Europe,LEC,2026,Spring + Versus + Versus PO,Karmine Corp Blue,Hazel,ADC,11,3.8467,0.35,-0.2642,-0.3552,0.6367,-1.0865,-0.0019,0.7872,-1.6423,-2.3723,,,,,,,,,,,,
Europe,LEC,2026,Spring + Versus + Versus PO,GiantX,Noah,ADC,37,-11.5402,-0.312,-0.6284,-0.3552,0.3622,-0.7293,-0.904,-1.6905,-1.1588,0.5687,,,,,,,,,,,,
Europe,LEC,2026,Spring + Versus + Versus PO,Los Ratones,Crownie,ADC,11,-12.5346,-1.14,-0.652,-0.3552,-1.9057,0.3818,-1.7548,-0.3758,0.8298,1.0656,,,,,,,,,,,,
Europe,LEC,2026,Spring + Versus + Versus PO,Team Heretics,Ice,ADC,32,-19.4617,-0.608,-0.8159,-0.3552,-1.328,0.5883,-1.3603,-1.0061,-1.1226,0.1418,,,,,,,,,,,,
Europe,LEC,2026,Spring + Versus + Versus PO,Los Ratones,Rekkles,Support,11,53.2722,4.843,0.9152,-0.3459,,,,2.8954,,-0.9273,,1.6708,,,,,,0.8315,,,1.0256,0.0436
Europe,LEC,2026,Spring + Versus + Versus PO,Team Vitality,Fleshy,Support,36,38.8676,1.08,0.5742,-0.3459,,,,0.4494,,1.6198,,-1.383,,,,,,1.6091,,,0.2917,0.7341
Europe,LEC,2026,Spring + Versus + Versus PO,GiantX,Jun,Support,37,30.1209,0.814,0.3671,-0.3459,,,,-0.0796,,0.8698,,-0.3081,,,,,,-0.0704,,,0.1628,1.178
Europe,LEC,2026,Spring + Versus + Versus PO,Karmine Corp Blue,Prime,Support,11,26.0293,2.366,0.2703,-0.3459,,,,0.6974,,-0.9454,,-0.8167,,,,,,0.2876,,,1.1776,1.4766
Europe,LEC,2026,Spring + Versus + Versus PO,Natus Vincere,Parus,Support,31,24.3433,0.785,0.2304,-0.3459,,,,-0.299,,-1.1315,,1.498,,,,,,-0.1108,,,-0.1975,0.6943
Europe,LEC,2026,Spring + Versus + Versus PO,SK Gaming,Mikyx,Support,29,19.2198,0.663,0.1091,-0.3459,,,,-0.6696,,0.281,,-0.3042,,,,,,0.8182,,,-0.0637,0.41
Europe,LEC,2026,Spring + Versus + Versus PO,Shifters,Trymbi,Support,20,16.7416,0.837,0.0504,-0.3459,,,,-0.5861,,1.8344,,1.3934,,,,,,0.8715,,,-1.8735,-1.5617
Europe,LEC,2026,Spring + Versus + Versus PO,Movistar KOI,Alvaro,Support,35,10.9179,0.312,-0.0875,-0.3459,,,,-0.4307,,-0.4664,,0.0297,,,,,,0.2126,,,-0.016,-0.3249
Europe,LEC,2026,Spring + Versus + Versus PO,Fnatic,Lospa,Support,25,3.138,0.126,-0.2717,-0.3459,,,,0.0278,,-1.0586,,-0.0942,,,,,,-1.9892,,,1.5109,0.705
Europe,LEC,2026,Spring + Versus + Versus PO,Team Heretics,Way,Support,16,0,0,-0.3459,-0.3459,,,,0.0694,,-0.397,,-0.4545,,,,,,-0.3043,,,0.2807,-0.3997
Europe,LEC,2026,Spring + Versus + Versus PO,Team Heretics,Stend,Support,16,-8.6383,-0.54,-0.5504,-0.3459,,,,-1.1277,,-0.2356,,-1.366,,,,,,0.2756,,,0.2712,-0.3092
Europe,LEC,2026,Spring + Versus + Versus PO,Karmine Corp,Busio,Support,38,-8.7999,-0.232,-0.5543,-0.3459,,,,-0.2188,,-0.1881,,0.354,,,,,,-1.0369,,,-1.5676,-0.8522
Europe,LEC,2026,Spring + Versus + Versus PO,G2 Esports,Labrov,Support,35,-19.1788,-0.548,-0.8,-0.3459,,,,-0.7279,,0.745,,-0.2193,,,,,,-1.3945,,,-1.002,-1.7938
Americas,CBLOL,2026,Split 1 + Cup,LOUD,xyno,Top,31,40.3409,1.301,0.7857,-0.4444,,,,,,,1.2273,2.1219,,0.8474,-0.1051,1.5248,-0.9269,,,,,
Americas,CBLOL,2026,Split 1 + Cup,RED Canids,zynts,Top,11,36.213,3.292,0.6598,-0.4444,,,,,,,2.0478,-1.31,,1.7433,0.3844,1.0191,-1.1512,,,,,
Americas,CBLOL,2026,Split 1 + Cup,LØS,Zest,Top,27,35.0775,1.299,0.6252,-0.4444,,,,,,,0.2555,-0.7311,,0.8802,1.4305,-0.1428,1.9563,,,,,
Americas,CBLOL,2026,Split 1 + Cup,FURIA,Guigo,Top,34,22.887,0.673,0.2535,-0.4444,,,,,,,0.3703,0.835,,0.5404,0.2643,-0.9576,-0.1569,,,,,
Americas,CBLOL,2026,Split 1 + Cup,Vivo Keyd Stars,Boal,Top,16,18.9229,1.183,0.1326,-0.4444,,,,,,,-0.2083,0.0027,,0.0494,0.1118,0.287,1.2025,,,,,
Americas,CBLOL,2026,Split 1 + Cup,Vivo Keyd Stars,Wizer,Top,12,2.2536,0.188,-0.3756,-0.4444,,,,,,,-0.4817,-0.7198,,-0.0562,-0.2213,-1.3348,0.4998,,,,,
Americas,CBLOL,2026,Split 1 + Cup,RED Canids,fNb,Top,20,0.473,0.024,-0.4299,-0.4444,,,,,,,-0.8224,-0.4069,,-0.8319,-0.295,1.2428,-0.8906,,,,,
Americas,CBLOL,2026,Split 1 + Cup,Leviatan,Devost,Top,33,-0.1577,-0.005,-0.4492,-0.4444,,,,,,,-0.6178,0.1984,,-1.2189,-0.5468,-0.2939,0.2446,,,,,
Americas,CBLOL,2026,Split 1 + Cup,paiN Gaming,Robo,Top,26,-3.3762,-0.13,-0.5473,-0.4444,,,,,,,-1.1991,0.6479,,-0.7719,-0.4314,-1.0597,-0.1513,,,,,
Americas,CBLOL,2026,Split 1 + Cup,Fluxo W7M,curty,Top,20,-6.9028,-0.345,-0.6548,-0.4444,,,,,,,-0.5716,-0.6381,,-1.1818,-0.5914,-0.2848,-0.6263,,,,,
Americas,CBLOL,2026,Split 1 + Cup,RED Canids,STEPZ,Jungle,11,45.2489,4.114,1.1392,-0.2406,,,,,1.967,1.8157,,-0.1681,,,,1.4005,,-0.0714,1.4215,2.0536,-0.2759,
Americas,CBLOL,2026,Split 1 + Cup,FURIA,Tatu,Jungle,34,38.8257,1.142,0.9433,-0.2406,,,,,0.9604,1.001,,1.2913,,,,1.0582,,1.0083,0.8662,0.3484,-0.0135,
Americas,CBLOL,2026,Split 1 + Cup,LOUD,YoungJae,Jungle,31,9.5746,0.309,0.0514,-0.2406,,,,,0.2042,-1.3457,,-0.3697,,,,-0.115,,0.7248,0.2248,0.1825,1.9884,
Americas,CBLOL,2026,Split 1 + Cup,Vivo Keyd Stars,Disamis,Jungle,28,7.4567,0.266,-0.0132,-0.2406,,,,,0.2488,0.3286,,0.4048,,,,0.0118,,-0.9814,0.1046,0.053,-0.8833,
Americas,CBLOL,2026,Split 1 + Cup,Fluxo W7M,Peach,Jungle,20,5.6131,0.281,-0.0694,-0.2406,,,,,0.0396,-0.8169,,-0.5274,,,,-2.0737,,0.9923,0.1084,0.8956,-1.2349,
Americas,CBLOL,2026,Split 1 + Cup,LØS,Drakehero,Jungle,27,3.0573,0.113,-0.1473,-0.2406,,,,,-0.1763,0.0033,,-0.4786,,,,0.4889,,1.3803,-0.9168,-0.3697,0.1323,
Americas,CBLOL,2026,Split 1 + Cup,paiN Gaming,CarioK,Jungle,22,0,0,-0.2406,-0.2406,,,,,-0.4181,0.3836,,-0.3179,,,,0.3956,,-0.3129,-0.4511,-0.3092,1.0226,
Americas,CBLOL,2026,Split 1 + Cup,RED Canids,Curse,Jungle,20,-4.8214,-0.241,-0.3876,-0.2406,,,,,-0.3716,-0.2941,,-0.8051,,,,0.2204,,-1.3774,0.5695,-0.383,-1.0315,
Americas,CBLOL,2026,Split 1 + Cup,Leviatan,Booki,Jungle,33,-13.9831,-0.424,-0.6669,-0.2406,,,,,-0.6151,0.2695,,-1.1389,,,,-0.3776,,-0.0999,-1.228,-0.7937,-0.349,
Americas,CBLOL,2026,Split 1 + Cup,Leviatan,Enga,Middle,33,23.5373,0.713,0.6287,-0.089,0.1469,,0.4202,0.6235,-0.2635,1.3013,1.3211,0.9855,0.4621,,,,,,,,,
Americas,CBLOL,2026,Split 1 + Cup,RED Canids,Kaze,Middle,31,22.9796,0.741,0.6117,-0.089,0.4057,,1.3081,-0.5364,1.4752,0.6028,0.2047,0.5967,1.0551,,,,,,,,,
Americas,CBLOL,2026,Split 1 + Cup,Fluxo W7M,cody,Middle,11,20.686,1.881,0.5418,-0.089,-0.0986,,0.7151,1.5404,1.4125,0.1614,-0.7646,0.7579,1.3325,,,,,,,,,
Americas,CBLOL,2026,Split 1 + Cup,Vivo Keyd Stars,Mireu,Middle,24,12.9756,0.541,0.3067,-0.089,0.6031,,0.4927,-1.4108,0.9494,0.746,0.6522,0.6099,-0.8567,,,,,,,,,
Americas,CBLOL,2026,Split 1 + Cup,LOUD,Envy,Middle,19,11.8514,0.624,0.2724,-0.089,2.0685,,0.255,-0.0415,-0.2048,0.0212,0.2057,-1.0038,-0.1535,,,,,,,,,
Americas,CBLOL,2026,Split 1 + Cup,paiN Gaming,Keine,Middle,12,6.8429,0.57,0.1197,-0.089,0.811,,0.598,1.0247,-1.3612,0.8181,0.9858,-1.2115,-1.0825,,,,,,,,,
Americas,CBLOL,2026,Split 1 + Cup,LØS,Feisty,Middle,27,2.5309,0.094,-0.0118,-0.089,-0.0058,,0.0958,-0.2742,-0.7895,0.9373,1.0569,-0.2043,-1.2948,,,,,,,,,
Americas,CBLOL,2026,Split 1 + Cup,FURIA,Tutsz,Middle,34,-0.8436,-0.025,-0.1147,-0.089,-0.135,,0.5275,-1.1276,0.1982,-0.2142,-0.2788,0.2676,-0.2763,,,,,,,,,
Americas,CBLOL,2026,Split 1 + Cup,paiN Gaming,tinowns,Middle,14,-4.9016,-0.35,-0.2384,-0.089,-0.2057,,-0.5653,0.0218,-1.6317,0.0081,0.0453,0.5303,-0.6505,,,,,,,,,
Americas,CBLOL,2026,Split 1 + Cup,LOUD,Mago,Middle,12,-38.909,-3.242,-1.2754,-0.089,-1.529,,-1.4971,0.0505,0.3897,-1.6582,-2.085,-2.3168,-0.5916,,,,,,,,,
Americas,CBLOL,2026,Split 1 + Cup,Leviatan,ceo,ADC,34,29.3332,0.863,0.8399,-0.0545,1.1001,0.1695,1.3915,0.4072,0.6778,1.0466,,,,,,,,,,,,
Americas,CBLOL,2026,Split 1 + Cup,paiN Gaming,Trigger,ADC,21,25.034,1.192,0.7088,-0.0545,1.763,0.7781,1.024,-0.4821,0.2941,0.3203,,,,,,,,,,,,
Americas,CBLOL,2026,Split 1 + Cup,Fluxo W7M,BAO,ADC,20,11.5365,0.577,0.2973,-0.0545,0.0492,0.5974,-0.4285,1.8509,-0.1151,-0.6567,,,,,,,,,,,,
Americas,CBLOL,2026,Split 1 + Cup,Leviatan,Snaker,ADC,11,10.671,0.97,0.2709,-0.0545,-0.7813,0.2811,0.2954,1.1105,-0.4777,1.637,,,,,,,,,,,,
Americas,CBLOL,2026,Split 1 + Cup,FURIA,Ayu,ADC,34,8.8697,0.261,0.2159,-0.0545,0.0979,0.0765,0.6929,-0.0509,0.5485,-0.1813,,,,,,,,,,,,
Americas,CBLOL,2026,Split 1 + Cup,LOUD,Bull,ADC,31,5.6885,0.183,0.1189,-0.0545,0.969,0.526,-0.3844,-0.3431,0.5819,-0.8109,,,,,,,,,,,,
Americas,CBLOL,2026,Split 1 + Cup,Vivo Keyd Stars,Morttheus,ADC,25,0,0,-0.0545,-0.0545,-0.6587,1.5208,-0.9656,0.4773,0.6969,-0.8232,,,,,,,,,,,,
Americas,CBLOL,2026,Split 1 + Cup,RED Canids,Rabelo,ADC,22,-12.8899,-0.586,-0.4476,-0.0545,-0.2503,-1.1851,0.2343,-1.2336,-0.0466,-0.1482,,,,,,,,,,,,
Americas,CBLOL,2026,Split 1 + Cup,LØS,Duduhh,ADC,27,-15.5501,-0.576,-0.5287,-0.0545,-1.19,-1.1478,0.1655,-1.4,0.4617,1.0785,,,,,,,,,,,,
Americas,CBLOL,2026,Split 1 + Cup,RED Canids,frosty,Support,31,34.006,1.097,1.0114,-0.0255,,,,-0.2594,,0.6713,,1.275,,,,,,0.9867,,,2.1778,1.337
Americas,CBLOL,2026,Split 1 + Cup,Vivo Keyd Stars,Kaiwing,Support,28,9.4057,0.336,0.2613,-0.0255,,,,0.7025,,-0.5372,,0.4221,,,,,,0.232,,,-0.0641,0.437
Americas,CBLOL,2026,Split 1 + Cup,LØS,Ackerman,Support,27,8.3691,0.31,0.2297,-0.0255,,,,0.7853,,1.4808,,0.2151,,,,,,0.0792,,,0.0631,-0.7884
Americas,CBLOL,2026,Split 1 + Cup,paiN Gaming,Kuri,Support,26,6.7076,0.258,0.179,-0.0255,,,,0.1491,,0.5136,,0.988,,,,,,-1.4287,,,-1.5226,1.7068
Americas,CBLOL,2026,Split 1 + Cup,Leviatan,TopLop,Support,33,4.4589,0.135,0.1104,-0.0255,,,,-0.8488,,1.2021,,-1.1665,,,,,,1.8156,,,0.0055,-0.4296
Americas,CBLOL,2026,Split 1 + Cup,FURIA,JoJo,Support,34,0.438,0.013,-0.0122,-0.0255,,,,1.4194,,-0.461,,0.8691,,,,,,-0.3711,,,-0.5519,-1.0807
Americas,CBLOL,2026,Split 1 + Cup,Fluxo W7M,Momochi,Support,11,-1.314,-0.119,-0.0656,-0.0255,,,,0.707,,-0.449,,-0.1629,,,,,,-1.1229,,,0.6058,0.2209
Americas,CBLOL,2026,Split 1 + Cup,LOUD,RedBert,Support,31,-34.4757,-1.112,-1.0768,-0.0255,,,,-1.47,,-1.2982,,-1.3857,,,,,,-0.4209,,,-0.4053,-0.9264
Americas,LCS,2026,Lock-In + Spring,Disguised,Castle,Top,24,27.8293,1.16,0.6176,-0.205,,,,,,,0.9646,1.1497,,1.0167,0.1262,-0.792,0.9914,,,,,
Americas,LCS,2026,Lock-In + Spring,Team Liquid,Morgan,Top,23,21.4926,0.934,0.4303,-0.205,,,,,,,1.3721,-0.7481,,0.4506,0.8053,-0.2171,-0.4773,,,,,
Americas,LCS,2026,Lock-In + Spring,Cloud9,Thanatos,Top,25,11.9176,0.477,0.1472,-0.205,,,,,,,0.7376,-1.0145,,1.3085,0.1253,0.1481,-1.274,,,,,
Americas,LCS,2026,Lock-In + Spring,FlyQuest,Gakgos,Top,22,8.672,0.394,0.0513,-0.205,,,,,,,-0.264,0.8508,,-0.3716,-0.3202,0.9804,0.2742,,,,,
Americas,LCS,2026,Lock-In + Spring,Dignitas,Photon,Top,15,6.206,0.414,-0.0216,-0.205,,,,,,,0.0442,0.132,,0.3965,-0.7965,1.5634,-0.6911,,,,,
Americas,LCS,2026,Lock-In + Spring,LYON,Dhokla,Top,30,1.4483,0.048,-0.1622,-0.205,,,,,,,-1.2026,-0.0477,,-0.1948,0.7429,-1.7013,1.5922,,,,,
Americas,LCS,2026,Lock-In + Spring,Sentinels,Impact,Top,29,-4.345,-0.15,-0.3335,-0.205,,,,,,,-1.4427,1.1223,,-1.7046,0.2729,-0.0336,0.4968,,,,,
Americas,LCS,2026,Lock-In + Spring,Shopify Rebellion,Fudge,Top,12,-17.729,-1.477,-0.7291,-0.205,,,,,,,-0.2092,-1.4444,,-0.9012,-0.9559,0.052,-0.912,,,,,
Americas,LCS,2026,Lock-In + Spring,Team Liquid,Josedeodo,Jungle,23,40.2085,1.748,0.8778,-0.3107,,,,,0.55,0.4883,,1.3614,,,,0.846,,0.9992,0.4774,0.6959,1.5773,
Americas,LCS,2026,Lock-In + Spring,Cloud9,Blaber,Jungle,25,25.6053,1.024,0.4461,-0.3107,,,,,1.0414,0.5367,,-0.0518,,,,0.4466,,0.5628,0.6296,-0.3611,0.5299,
Americas,LCS,2026,Lock-In + Spring,FlyQuest,Gryffinn,Jungle,22,25.4983,1.159,0.443,-0.3107,,,,,1.2898,-0.3858,,0.496,,,,-1.4779,,0.7339,0.5098,0.3011,0.6594,
Americas,LCS,2026,Lock-In + Spring,Sentinels,HamBak,Jungle,29,21.1661,0.73,0.3149,-0.3107,,,,,-0.2404,1.2126,,0.7955,,,,-0.5654,,0.0125,-0.3303,1.0953,0.4249,
Americas,LCS,2026,Lock-In + Spring,LYON,Inspired,Jungle,30,16.1253,0.538,0.1659,-0.3107,,,,,0.5463,0.8183,,-0.6922,,,,1.3379,,-1.3019,-0.1104,1.3259,-0.4054,
Americas,LCS,2026,Lock-In + Spring,Disguised,KryRa,Jungle,18,0.5208,0.029,-0.2954,-0.3107,,,,,-0.9756,-1.4002,,0.7947,,,,0.8208,,-1.2406,0.404,-0.2786,-1.8973,
Americas,LCS,2026,Lock-In + Spring,Shopify Rebellion,Contractz,Jungle,12,-1.5623,-0.13,-0.3569,-0.3107,,,,,-0.7014,0.8114,,-0.286,,,,0.5068,,-0.2145,-1.0228,-0.6127,0.3301,
Americas,LCS,2026,Lock-In + Spring,Dignitas,eXyu,Jungle,15,-10.0284,-0.669,-0.6072,-0.3107,,,,,-1.7574,-0.5933,,-0.4506,,,,-1.0739,,1.4002,-0.3331,-0.2058,-0.6053,
Americas,LCS,2026,Lock-In + Spring,Team Liquid,Quid,Middle,23,22.8378,0.993,0.3935,-0.2816,-0.1563,,0.796,-0.1615,0.1804,1.3542,-0.4009,0.7939,0.6115,,,,,,,,,
Americas,LCS,2026,Lock-In + Spring,Sentinels,DARKWINGS,Middle,29,21.4582,0.74,0.3527,-0.2816,1.7959,,1.3698,1.2642,0.145,-0.2666,-1.9706,0.224,-0.8087,,,,,,,,,
Americas,LCS,2026,Lock-In + Spring,FlyQuest,Quad,Middle,22,20.1054,0.914,0.3128,-0.2816,0.9169,,-0.0261,1.8702,-0.5542,-0.969,1.1152,1.0482,-1.2301,,,,,,,,,
Americas,LCS,2026,Lock-In + Spring,Cloud9,APA,Middle,25,15.0785,0.603,0.1642,-0.2816,0.1627,,0.5812,-0.7517,0.97,-0.6908,-0.6344,0.82,0.9575,,,,,,,,,
Americas,LCS,2026,Lock-In + Spring,Disguised,Callme,Middle,24,7.8741,0.328,-0.0488,-0.2816,-1.255,,-0.584,-0.7111,0.6216,0.6128,0.8432,0.6218,0.0004,,,,,,,,,
Americas,LCS,2026,Lock-In + Spring,LYON,Saint,Middle,30,2.0286,0.068,-0.2216,-0.2816,-1.1166,,-0.7173,-0.6699,0.9712,0.1674,0.1229,-1.0026,1.5632,,,,,,,,,
Americas,LCS,2026,Lock-In + Spring,Shopify Rebellion,Zinie,Middle,12,-6.0859,-0.507,-0.4615,-0.2816,-0.1963,,0.3599,-0.367,-0.26,-1.3794,0.1827,-1.3476,-0.0469,,,,,,,,,
Americas,LCS,2026,Lock-In + Spring,Dignitas,Palafox,Middle,15,-7.0975,-0.473,-0.4914,-0.2816,-0.1512,,-1.7795,-0.4731,-2.074,1.1714,0.7419,-1.1578,-1.047,,,,,,,,,
Americas,LCS,2026,Lock-In + Spring,LYON,Berserker,ADC,30,34.9718,1.166,0.9444,-0.0893,0.5275,1.8436,0.4766,1.2768,1.0842,0.7818,,,,,,,,,,,,
Americas,LCS,2026,Lock-In + Spring,Cloud9,Zven,ADC,25,24.1913,0.968,0.6258,-0.0893,0.4402,1.0853,0.7864,0.0706,1.5519,0.1764,,,,,,,,,,,,
Americas,LCS,2026,Lock-In + Spring,Shopify Rebellion,Bvoy,ADC,12,20.5312,1.711,0.5176,-0.0893,1.8333,-0.7149,1.2595,0.0327,-1.4144,0.6382,,,,,,,,,,,,
Americas,LCS,2026,Lock-In + Spring,Dignitas,FBI,ADC,13,5.5199,0.425,0.0738,-0.0893,0.4077,-0.6478,0.6927,-0.2372,-0.0906,-0.2006,,,,,,,,,,,,
Americas,LCS,2026,Lock-In + Spring,Team Liquid,Yeon,ADC,23,4.9808,0.217,0.0579,-0.0893,0.4953,-0.8439,0.3393,0.279,-0.85,0.259,,,,,,,,,,,,
Americas,LCS,2026,Lock-In + Spring,Sentinels,Rahel,ADC,29,1.5795,0.054,-0.0426,-0.0893,-0.8233,0.4941,-0.1347,0.1678,0.2342,0.418,,,,,,,,,,,,
Americas,LCS,2026,Lock-In + Spring,FlyQuest,Massu,ADC,22,-4.7386,-0.215,-0.2294,-0.0893,-0.5045,0.0463,-0.621,0.1661,-1.039,0.8758,,,,,,,,,,,,
Americas,LCS,2026,Lock-In + Spring,Disguised,sajed,ADC,24,-10.7251,-0.447,-0.4064,-0.0893,-1.185,-0.0244,-0.8281,0.644,-0.1927,-0.5928,,,,,,,,,,,,
Americas,LCS,2026,Lock-In + Spring,Sentinels,huhi,Support,29,32.9547,1.136,0.8602,-0.1139,,,,0.1372,,0.7917,,0.6633,,,,,,1.4595,,,0.5151,1.0801
Americas,LCS,2026,Lock-In + Spring,LYON,Isles,Support,30,18.5575,0.619,0.4346,-0.1139,,,,0.4932,,1.0013,,-0.1633,,,,,,-0.6173,,,0.2242,1.2685
Americas,LCS,2026,Lock-In + Spring,FlyQuest,Cryogen,Support,22,11.665,0.53,0.2309,-0.1139,,,,-1.352,,0.6334,,1.004,,,,,,1.4233,,,-0.8203,0.136
Americas,LCS,2026,Lock-In + Spring,Dignitas,Ignar,Support,13,4.7208,0.363,0.0256,-0.1139,,,,-0.5424,,-1.7381,,0.7714,,,,,,-0.2361,,,0.6636,0.6569
Americas,LCS,2026,Lock-In + Spring,Cloud9,Vulcan,Support,25,1.9764,0.079,-0.0555,-0.1139,,,,1.4523,,0.2425,,0.804,,,,,,-0.5942,,,-0.6675,-1.2483
Americas,LCS,2026,Lock-In + Spring,Team Liquid,CoreJJ,Support,23,1.205,0.052,-0.0783,-0.1139,,,,-0.7424,,1.0507,,0.0922,,,,,,0.6053,,,-1.1209,-0.9063
Americas,LCS,2026,Lock-In + Spring,Disguised,Lyonz,Support,24,-3.6151,-0.151,-0.2208,-0.1139,,,,1.5623,,-1.1702,,-1.0894,,,,,,-0.9503,,,1.1305,0.2365
Americas,LCS,2026,Lock-In + Spring,Shopify Rebellion,Ceos,Support,12,-15.2218,-1.268,-0.5639,-0.1139,,,,-0.562,,-0.1967,,-0.0611,,,,,,0.2265,,,-1.3018,-1.5034
Pacific,LCP,2026,Split 1 + PO + Split 2,Ground Zero Gaming,1Jiang,Top,39,24.5424,0.629,0.3518,-0.1676,,,,,,,0.7058,0.3234,,0.6377,-0.042,0.7639,-0.3465,,,,,
Pacific,LCP,2026,Split 1 + PO + Split 2,GAM Esports,Kiaya,Top,27,21.4527,0.795,0.2864,-0.1676,,,,,,,0.3324,-0.1036,,0.4134,0.3343,0.0411,0.6919,,,,,
Pacific,LCP,2026,Split 1 + PO + Split 2,Deep Cross Gaming,Flauren,Top,44,17.1551,0.39,0.1955,-0.1676,,,,,,,0.0513,0.0579,,0.0166,0.1382,1.0435,0.3257,,,,,
Pacific,LCP,2026,Split 1 + PO + Split 2,CTBC Flying Oyster,Rest,Top,29,13.6808,0.472,0.1219,-0.1676,,,,,,,0.2561,-0.1609,,0.048,-0.2139,1.117,0.1666,,,,,
Pacific,LCP,2026,Split 1 + PO + Split 2,Fukuoka SoftBank HAWKS gaming,Evi,Top,39,12.2252,0.313,0.0911,-0.1676,,,,,,,0.2458,0.1789,,0.1782,0.13,-1.1555,0.5917,,,,,
Pacific,LCP,2026,Split 1 + PO + Split 2,Team Secret Whales,Pun,Top,34,4.3601,0.128,-0.0753,-0.1676,,,,,,,-0.7179,0.0729,,0.1632,0.771,-1.4506,0.2107,,,,,
Pacific,LCP,2026,Split 1 + PO + Split 2,MVK Esports,Kratos,Top,22,-13.0804,-0.595,-0.4444,-0.1676,,,,,,,0.1142,-0.4456,,-0.0883,-0.6749,-0.4897,-1.7519,,,,,
Pacific,LCP,2026,Split 1 + PO + Split 2,DetonatioN FocusMe,Momo,Top,20,-41.7178,-2.086,-1.0505,-0.1676,,,,,,,-0.492,-1.2245,,-1.5794,-1.4044,-0.9758,-0.5823,,,,,
Pacific,LCP,2026,Split 1 + PO + Split 2,Team Secret Whales,Hizto,Jungle,35,42.0398,1.201,0.7143,-0.1754,,,,,1.679,-0.0344,,0.3022,,,,0.3189,,-2.2496,0.999,1.8157,1.2723,
Pacific,LCP,2026,Split 1 + PO + Split 2,CTBC Flying Oyster,Shad0w,Jungle,29,38.9719,1.344,0.6494,-0.1754,,,,,0.8595,0.4605,,0.857,,,,0.2229,,0.3935,0.8869,0.8324,-1.0444,
Pacific,LCP,2026,Split 1 + PO + Split 2,Ground Zero Gaming,Husha,Jungle,39,20.4424,0.524,0.2572,-0.1754,,,,,0.4309,-0.5455,,0.755,,,,0.0863,,-0.6718,0.8419,0.4502,-0.8616,
Pacific,LCP,2026,Split 1 + PO + Split 2,MVK Esports,Gury,Jungle,24,6.1453,0.256,-0.0454,-0.1754,,,,,0.5008,0.0007,,-0.8948,,,,-0.2266,,0.6298,0.0302,0.3584,-1.2684,
Pacific,LCP,2026,Split 1 + PO + Split 2,Deep Cross Gaming,POP9,Jungle,44,4.0161,0.091,-0.0904,-0.1754,,,,,0.2215,0.4059,,-0.8941,,,,0.6056,,0.3074,0.0383,-0.4225,-0.7572,
Pacific,LCP,2026,Split 1 + PO + Split 2,Fukuoka SoftBank HAWKS gaming,Van,Jungle,39,3.1503,0.081,-0.1088,-0.1754,,,,,-0.5578,0.3221,,1.7681,,,,-0.6318,,0.3073,-0.8112,-1.6993,0.5872,
Pacific,LCP,2026,Split 1 + PO + Split 2,GAM Esports,Draktharr,Jungle,27,-9.451,-0.35,-0.3755,-0.1754,,,,,-0.5849,-0.8769,,-0.0401,,,,-1.0393,,-0.2824,-0.3058,-0.5335,0.0816,
Pacific,LCP,2026,Split 1 + PO + Split 2,DetonatioN FocusMe,Citrus,Jungle,22,-22.9605,-1.044,-0.6614,-0.1754,,,,,-1.44,-1.6573,,-0.6442,,,,-1.3596,,1.2531,-0.3064,-0.4605,0.866,
Pacific,LCP,2026,Split 1 + PO + Split 2,DetonatioN FocusMe,Keine,Middle,15,58.053,3.87,0.7589,-0.4698,0.5139,,0.6707,0.8494,0.7792,-0.1594,0.0939,1.2365,2.5523,,,,,,,,,
Pacific,LCP,2026,Split 1 + PO + Split 2,Fukuoka SoftBank HAWKS gaming,Aria,Middle,39,40.4454,1.037,0.3862,-0.4698,-0.8595,,-0.054,-0.3407,0.7371,1.1881,0.8891,1.8142,-0.1537,,,,,,,,,
Pacific,LCP,2026,Split 1 + PO + Split 2,MVK Esports,Kati,Middle,16,36.2922,2.268,0.2983,-0.4698,0.2831,,-0.2159,0.7275,0.3953,0.6044,0.3563,-0.2523,0.6259,,,,,,,,,
Pacific,LCP,2026,Split 1 + PO + Split 2,Deep Cross Gaming,HongSuo,Middle,44,31.0249,0.705,0.1869,-0.4698,-0.3554,,1.3434,0.3147,1.3695,-0.2424,0.2159,-0.0421,-0.2374,,,,,,,,,
Pacific,LCP,2026,Split 1 + PO + Split 2,Team Secret Whales,Dire,Middle,35,27.225,0.778,0.1064,-0.4698,-0.284,,0.6093,-0.7675,1.3696,0.3274,-0.9122,0.3506,0.316,,,,,,,,,
Pacific,LCP,2026,Split 1 + PO + Split 2,CTBC Flying Oyster,Pungyeon,Middle,26,0.1929,0.007,-0.4657,-0.4698,-0.6453,,0.5673,-0.6732,0.0068,0.0598,-0.356,-1.1319,-1.3029,,,,,,,,,
Pacific,LCP,2026,Split 1 + PO + Split 2,GAM Esports,Aress,Middle,27,-0.5786,-0.021,-0.482,-0.4698,-1.9657,,-1.6933,0.8166,0.317,0.4491,0.35,-0.8755,-0.0395,,,,,,,,,
Pacific,LCP,2026,Split 1 + PO + Split 2,Ground Zero Gaming,JimieN,Middle,39,-13.6453,-0.35,-0.7585,-0.4698,-0.5106,,-0.6806,-1.3073,-0.9034,-1.0766,-1.6491,0.0295,-0.4533,,,,,,,,,
Pacific,LCP,2026,Split 1 + PO + Split 2,MVK Esports,Shogun,ADC,19,47.4252,2.496,0.7908,-0.2129,2.3493,1.3172,0.3698,0.1219,-0.3253,-0.1045,,,,,,,,,,,,
Pacific,LCP,2026,Split 1 + PO + Split 2,Team Secret Whales,Eddie,ADC,35,39.7047,1.134,0.6274,-0.2129,-0.5057,0.5422,1.1361,0.7429,2.0884,0.4679,,,,,,,,,,,,
Pacific,LCP,2026,Split 1 + PO + Split 2,Fukuoka SoftBank HAWKS gaming,Marble,ADC,39,30.1122,0.772,0.4244,-0.2129,0.2555,0.1602,0.0492,1.8023,-0.1002,-0.1868,,,,,,,,,,,,
Pacific,LCP,2026,Split 1 + PO + Split 2,CTBC Flying Oyster,Doggo,ADC,29,18.5211,0.639,0.179,-0.2129,-0.8022,-0.16,0.701,0.5957,0.1694,0.8973,,,,,,,,,,,,
Pacific,LCP,2026,Split 1 + PO + Split 2,GAM Esports,Artemis,ADC,27,5.4782,0.203,-0.097,-0.2129,0.0614,1.0261,-0.2092,-1.1994,0.2998,-0.0775,,,,,,,,,,,,
Pacific,LCP,2026,Split 1 + PO + Split 2,Deep Cross Gaming,Feng,ADC,44,4.2449,0.096,-0.1231,-0.2129,-0.03,-0.8201,0.9274,-0.8195,0.0408,-0.4218,,,,,,,,,,,,
Pacific,LCP,2026,Split 1 + PO + Split 2,Ground Zero Gaming,Shunn,ADC,39,-12.7346,-0.327,-0.4824,-0.2129,-1.0202,-0.3792,-0.7395,0.254,-0.3562,-0.4481,,,,,,,,,,,,
Pacific,LCP,2026,Split 1 + PO + Split 2,DetonatioN FocusMe,Kakkun,ADC,22,-53.0107,-2.41,-1.3348,-0.2129,-0.6141,-1.9896,-2.1496,-0.2325,-1.8098,-1.8712,,,,,,,,,,,,
Pacific,LCP,2026,Split 1 + PO + Split 2,Team Secret Whales,Bie,Support,35,31.4561,0.899,0.5174,-0.1484,,,,1.2801,,0.0588,,-0.5387,,,,,,1.7437,,,-1.6121,1.0787
Pacific,LCP,2026,Split 1 + PO + Split 2,GAM Esports,Taki,Support,27,30.6851,1.136,0.501,-0.1484,,,,0.328,,0.6271,,1.0554,,,,,,0.3591,,,-0.2745,0.2775
Pacific,LCP,2026,Split 1 + PO + Split 2,Deep Cross Gaming,ShiauC,Support,44,29.0716,0.661,0.4669,-0.1484,,,,-1.4739,,1.0403,,-0.5649,,,,,,0.5098,,,1.6312,1.4718
Pacific,LCP,2026,Split 1 + PO + Split 2,Ground Zero Gaming,Orca,Support,39,16.5376,0.424,0.2016,-0.1484,,,,-0.0352,,-0.2002,,0.5289,,,,,,0.1787,,,-0.5643,0.6796
Pacific,LCP,2026,Split 1 + PO + Split 2,Fukuoka SoftBank HAWKS gaming,Vsta,Support,39,9.9529,0.255,0.0623,-0.1484,,,,0.5304,,0.1788,,0.9309,,,,,,0.0371,,,-0.4372,-0.7608
Pacific,LCP,2026,Split 1 + PO + Split 2,MVK Esports,Elio,Support,19,2.6301,0.138,-0.0927,-0.1484,,,,-0.4767,,1.0316,,-0.9827,,,,,,0.0448,,,-0.2403,-0.0338
Pacific,LCP,2026,Split 1 + PO + Split 2,CTBC Flying Oyster,2274,Support,26,-7.8903,-0.303,-0.3154,-0.1484,,,,-1.5517,,-0.0107,,-0.7826,,,,,,-1.1678,,,1.4257,0.9004
Pacific,LCP,2026,Split 1 + PO + Split 2,DetonatioN FocusMe,Gaeng,Support,15,-53.2963,-3.553,-1.2763,-0.1484,,,,-0.5368,,-2.5495,,-0.7545,,,,,,-1.0788,,,0.9044,-1.9043